date,L_real,L_asset,U,Y,spread,depth,turnover,Hq,S_M_hat,S_M,S_M_in,S_M_out,S_M_in_q_productive,S_M_in_q_housing,S_M_in_q_consumption,S_M_in_q_financial,S_M_in_q_government,T_L,p_C,V_C,q_pay,q_firm,q_asset,q_reserve,q_productive,q_housing,q_consumption,q_financial,q_government,loop_area,F_C,X_C,Delta_F_C,X_C_plus,X_C_minus,dS_dV_at_T,dp_dT_at_V,maxwell_gap,dU,dS,dV,dF_C,T_bar,p_bar,Q_like,W_like,dU_pred,firstlaw_resid
2010-03-31,246.94044350889055,164.6269623392604,878.2378956112816,702.5903164890251,0.01600803622145,1053.8854747335376,0.6172410134415693,,,,,,,,,,,0.017546365001351302,1.3668165204434808,87.82378956112814,0.35,0.3,0.2,0.15,,,,,,0.0,,,,,,,,,,,,,,,,,,
2010-03-31,246.94044350889055,164.6269623392604,878.2378956112816,702.5903164890251,0.01600803622145,1053.8854747335376,0.6172410134415693,1.57063924854526,0.975893034711627,3623700.3422811967,3623700.3422811967,3623700.3422811967,692145.0,323001.00000000006,484501.5,461430.0,346072.5,0.017546365001351302,1.3668165204434808,87.82378956112814,0.35,0.3,0.2,0.15,,,,,,0.0,-3622822.1043855855,0.0,0.0,0.0,-0.0,,,,0.0,,0.0,,0.017546365001351302,1.3668165204434808,,0.0,,
2010-06-30,247.8664701720489,165.2443134480326,880.4334903503097,704.3467922802477,0.0159880261761732,1056.5201884203714,0.6203272185087771,1.5704678180941543,0.9757865189835078,3660526.4842725773,3660526.4842725773,3660526.4842725773,699814.5923815237,325787.8122375524,488681.71835632867,467009.1385722855,349557.73845230945,0.0179015268119945,1.3633994791423725,88.04334903503096,0.3494301139772045,0.3002399520095981,0.2003599280143971,0.1499700059988002,0.3002399520095981,0.1397720455908818,0.2096580683863227,0.2003599280143971,0.1499700059988002,0.300097516150253,-3659646.050782227,0.0,-36823.94639664143,0.0,36823.94639664143,,,,2.195594739028138,36826.1419913806,0.2195594739028195,-36823.94639664143,0.0177239459066729,1.3651079997929267,652.7045486066853,0.2997223942550652,652.4048262124303,-650.2092314734022
2010-09-30,248.79596943519408,165.8639796234627,882.6345740761855,706.1076592609483,0.015968041143453,1059.1614888914223,0.6234288546013209,1.5702946834769973,0.9756789443974865,3609622.2562564225,3609622.2562564225,3609622.2562564225,690710.2305077969,320768.95601759304,481153.43402638927,461392.59576169524,344665.7836865253,0.018272033937877852,1.3599909804445165,88.26345740761853,0.3488604558176729,0.3004798080767693,0.2007197121151539,0.1499400239904038,0.3004798080767693,0.1395441823270692,0.2093162734906037,0.2007197121151539,0.1499400239904038,0.5941912063680226,-3608739.6216823463,0.0,14082.482703239191,14082.482703239191,0.0,,,,2.201083725875719,-50904.22801615484,0.22010837258757476,50906.429099880625,0.018086780374936176,1.3616952297934444,-920.6935922838657,0.2997205209900987,-920.9933128048558,923.1943965307315
2010-12-31,249.72895432057604,166.48596954705067,884.8411605113758,707.8729284091006,0.0159480810920237,1061.8093926136507,0.6265459988743275,1.5701198465719202,0.9755703121205118,3800584.997016593,3800584.997016593,3800584.997016593,727912.7653407956,337225.12292624416,505837.6843893661,486726.6480111934,362867.7793324005,0.018656326001010172,1.3565910029934052,88.48411605113758,0.3482910253847691,0.3007195682590446,0.2010793523885669,0.1499100539676194,0.3007195682590446,0.1393164101539076,0.2089746152308614,0.2010793523885669,0.1499100539676194,0.8824011471836846,-3799700.1558560813,0.0,-176878.05147049576,0.0,176878.05147049576,,,,2.2065864351903883,190962.7407601704,0.22065864351904452,-190960.53417373495,0.018464179969444012,1.358290991718961,3525.9704128540675,0.29971864773684365,3525.6706942063306,-3523.4641077711403
2011-03-31,250.66543789927815,167.1102919328521,887.0532634126542,709.6426107301234,0.0159281459906586,1064.463916095185,0.629678728868699,1.5699433092457022,0.9754606233124788,4117212.4371929667,4117212.4371929667,4117212.4371929667,789272.5095923261,364763.39088729,547145.0863309351,528278.0143884892,393063.99880095926,0.01905283041581574,1.3531995254859217,88.70532634126542,0.3477218225419664,0.3009592326139089,0.2014388489208633,0.1498800959232614,0.3009592326139089,0.1390887290167865,0.2086330935251798,0.2014388489208633,0.1498800959232614,1.1648450135970032,-4116325.383929554,0.0,-493503.2795439684,0.0,493503.2795439684,,,,2.2121029012783993,316627.4401763738,0.22121029012784277,-316625.2280734726,0.018854578208412957,1.3548952642396634,5969.876833735035,0.29971677449529616,5969.57711696054,-5967.365014059261
2011-06-30,251.6054332914005,167.7369555276003,889.2708965711859,711.4167172569486,0.0159082358081703,1067.1250758854228,0.6328271225130424,1.5697650733538098,0.9753498791262537,4497770.946192076,4497770.946192076,4497770.946192076,863010.1663336664,397872.0169830168,596808.0254745255,578202.4995004995,429358.29170829157,0.019459962285548978,1.349816526672207,88.92708965711857,0.3471528471528471,0.3011988011988012,0.2017982017982018,0.1498501498501498,0.3011988011988012,0.1388611388611388,0.2082917082917083,0.2017982017982018,0.1498501498501498,1.4416381271077339,-4496881.675295506,0.0,-874059.5709099201,0.0,874059.5709099201,,,,2.217633158531612,380558.50899910973,0.22176331585315268,-380556.29136595177,0.01925639635068236,1.3515080260790644,7328.185483911577,0.2997149012654425,7327.885769010311,-7325.66813585178
2011-09-30,252.5489536662432,168.3659691108288,891.4940738126138,713.195259050091,0.0158883505134101,1069.7928885751362,0.6359912581256075,1.569585140740434,0.9752380807076967,4474763.239024859,4474763.239024859,4474763.239024859,859376.7057530964,395233.5545345583,592850.3318018378,576334.8086296445,427125.5992808628,0.019876124297981638,1.3464419853555267,89.14940738126137,0.3465840990811026,0.3014382740711147,0.202157411106672,0.1498202157411106,0.3014382740711147,0.138633639632441,0.2079504594486616,0.202157411106672,0.1498202157411106,1.71289350278568,-4473871.744951046,0.0,-851049.6405654605,0.0,851049.6405654605,,,,2.2231772414279476,-23007.707167217508,0.2223177241427976,23009.9303444596,0.01966804329176531,1.348129256013867,-452.51658060909296,0.2997130280473258,-452.8162936371403,455.03947087856824
2011-12-31,253.4960122424916,168.99734149499437,893.7228089971453,714.9782471977161,0.0158684900752683,1072.467370796574,0.6391712144162355,1.5694035132385276,0.9751252291956855,4592223.773069689,4592223.773069689,4592223.773069689,882737.4670461353,404989.7813061713,607484.6719592569,592582.4505692031,438300.62911923294,0.020299706620337095,1.343075880392138,89.37228089971451,0.3460155781905333,0.3016776512881965,0.2025164769322948,0.1497902935889754,0.3016776512881965,0.1384062312762133,0.2076093469143199,0.2025164769322948,0.1497902935889754,1.9787218953991859,-4591330.050260692,0.0,-968507.9458751064,0.0,968507.9458751064,,,,2.2287351845315015,117460.53404483013,0.22287351845314163,-117458.30530964583,0.020087915459159368,1.3447589328738325,2359.5372776802583,0.2997111548408832,2359.2375665254176,-2357.008831340886
2012-03-31,254.4466222884009,169.6310815256006,895.9571160196381,716.7656928157104,0.0158486544626742,1075.1485392235654,0.6423670704883165,1.569220192669842,0.9750113257221377,4516430.697670201,4516430.697670201,4516430.697670201,868958.2955271567,397697.84424920136,596546.7663738021,583903.1932907347,431030.9005591052,0.020729086793479953,1.3397181906911575,89.5957116019638,0.3454472843450479,0.3019169329073482,0.2028753993610223,0.1497603833865814,0.3019169329073483,0.1381789137380192,0.2072683706070288,0.2028753993610223,0.1497603833865814,2.239231844621299,-4515534.740554181,0.0,-892712.6361685954,0.0,892712.6361685954,,,,2.2343070224927715,-75793.07539948821,0.22343070224928852,75795.30970651098,0.020514396706908522,1.3413970355416478,-1554.8492163817302,0.2997092816461842,-1555.1489256633763,1557.3832326858692
2012-06-30,255.4007971219824,170.2671980813216,898.1970088096871,718.5576070477497,0.0158288436445959,1077.8364105716244,0.645578905840758,1.5690351808449636,0.9748963714120342,4493005.985003053,4493005.985003053,4493005.985003053,865238.2480535037,395031.1393491716,592546.7090237571,581970.6220802555,428760.28149331204,0.021162629625354375,1.3363688952144297,89.81970088096871,0.3448792174086644,0.3021561189858255,0.2032341784787383,0.1497304851267718,0.3021561189858255,0.1379516869634658,0.2069275304451986,0.2032341784787383,0.1497304851267718,2.4945297193315494,-4492107.787994243,0.0,-869285.6836086577,0.0,869285.6836086577,,,,2.239892790048998,-23424.71266714763,0.22398927900491117,23426.952559937723,0.020945858209417162,1.3380435429527937,-490.65071012241236,0.2997074084631732,-490.95041753087554,493.19031032092454
2012-09-30,256.3585501111898,170.90570007412654,900.4425013317112,720.3540010653691,0.0158090575900402,1080.5310015980533,0.6488068003699617,1.56884847956335,0.9747803673834405,4399768.100450793,4399768.100450793,4399768.100450793,848054.3622754491,386242.5808383231,579363.8712574848,570967.2934131734,419828.8922155686,0.021598687083662527,1.3330279729763936,90.04425013317113,0.344311377245509,0.3023952095808384,0.2035928143712575,0.1497005988023952,0.3023952095808383,0.1377245508982035,0.2065868263473053,0.2035928143712574,0.1497005988023951,2.7447197610318956,-4398867.657949462,0.0,-776045.5535638761,0.0,776045.5535638761,,,,2.245492522024165,-93237.88455225993,0.22454925220242217,93240.1300447816,0.02138065835450845,1.3346984340954116,-1993.4873553089706,0.2997055352918685,-1993.7870608442624,1996.0325533662867
2012-12-31,257.31989467410676,171.5465964494045,902.6936075850404,722.1548860680324,0.0157892962680526,1083.2323291020484,0.6520508343718114,1.568660090613365,0.9746633147475299,4560565.481440236,4560565.481440236,4560565.481440236,879848.4234683696,399746.4977050487,599619.7465575732,592947.6352025544,435137.69706645375,0.022035598187778536,1.3296954030439527,90.26936075850404,0.3437437637198164,0.302634204749551,0.2039513071243265,0.1496707244063061,0.302634204749551,0.1374975054879265,0.2062462582318898,0.2039513071243265,0.1496707244063061,2.9899041263942254,-4559662.78783265,0.0,-936840.6834470648,0.0,936840.6834470648,,,,2.2511062533291124,160797.38098944258,0.22511062533290271,-160795.12988318875,0.02181714263572053,1.331361688010173,3508.139396496965,0.299703662132239,3507.839692834833,-3505.588586581504
2013-03-31,258.28484427913463,172.18989618608975,904.950341604003,723.9602732832025,0.0157695596477175,1085.9404099248036,0.6553110885436704,1.5684700157723144,0.9745452146086043,5022642.5188269885,5022642.5188269885,5022642.5188269885,969877.2162809257,439575.4445331205,659363.1667996806,654251.8244213886,479188.3479648842,0.02247168889989135,1.326371164536343,90.49503416040032,0.3431763766959297,0.3028731045490822,0.2043096568236233,0.1496408619313647,0.3028731045490822,0.1372705506783719,0.2059058260175578,0.2043096568236233,0.1496408619313647,3.2301829289571247,-5021737.568485385,0.0,-1398915.4640997993,0.0,1398915.4640997993,,,,2.256734018962675,462077.03738675267,0.22567340189628737,-462074.78065273445,0.022253643543834942,1.3280332837901478,10282.897679796086,0.2997017889844203,10282.597978007101,-10280.341243988138
2013-06-30,259.25341244518137,172.83560829678757,907.212717458013,725.7701739664104,0.0157498476981579,1088.6552609496157,0.6585876439863887,1.56827825680648,0.9744260680641164,5455525.660161511,5455525.660161511,5455525.660161511,1054426.9108318372,476730.03470975446,715095.0520646317,711972.3662477557,520447.63614602014,0.02290527201537784,1.323055236625002,90.7212717458013,0.3426092160383004,0.3031119090365051,0.2046678635547576,0.1496110113704368,0.3031119090365051,0.1370436864153201,0.2055655296229802,0.2046678635547576,0.1496110113704368,3.4656542799881707,-5454618.447444053,0.0,-1831796.3430584678,0.0,1831796.3430584678,,,,2.2623758540099743,432883.1413345225,0.22623758540098038,-432880.87895866856,0.022688480457634594,1.3247132005806725,9821.460692607789,0.29969991584817596,9821.160992691941,-9818.89861683793
2013-09-30,260.2256127418508,173.4837418279005,909.480749251658,727.5845994013264,0.0157301603885352,1091.3768991019897,0.6618805822063206,1.5680848154711546,0.9743058762046909,5855256.92649597,5855256.92649597,5855256.92649597,1132716.6689270043,510876.81451934576,766315.2217790188,765570.5033905065,558538.7913841244,0.02333464705239458,1.3197475985334397,90.9480749251658,0.3420422816114878,0.3033506182688472,0.2050259274032708,0.1495811727163941,0.3033506182688472,0.1368169126445951,0.2052253689668927,0.2050259274032708,0.1495811727163941,3.696414328529802,-5854347.445746719,0.0,-2231525.3413611334,0.0,2231525.3413611334,,,,2.2680317936450365,399731.2663344592,0.22680317936449512,-399728.99830266554,0.02311995953388621,1.3214014175792208,9241.770702081787,0.29969804272371814,9241.471004039064,-9239.202972245419
2013-12-31,261.20145878963274,174.1343058597551,911.7544511247872,729.4035608998297,0.0157104976880495,1094.1053413497443,0.6651899851173522,1.5678896935106765,0.9741846401141461,6322632.780808817,6322632.780808817,6322632.780808817,1224246.348454636,550810.3439680957,826215.5159521436,828225.7726819541,603077.0189431703,0.02375810014068047,1.3164482295371065,91.17544511247873,0.3414755732801595,0.3035892323030907,0.2053838484546361,0.1495513459621136,0.3035892323030907,0.1365902293120638,0.2048853439680957,0.2053838484546361,0.1495513459621136,3.9225573006435415,-6321721.026357692,0.0,-2698898.921972106,0.0,2698898.921972106,,,,2.2737018731291982,467375.85431284644,0.22737018731292835,-467373.58061097283,0.023546373596537523,1.318097914035273,11005.006475651175,0.29969616961098017,11004.706779481563,-11002.433077608433
2014-03-31,262.18096426009384,174.78730950672917,914.033837252599,731.2270698020792,0.0156908595659395,1096.8406047031183,0.6685159350429388,1.5676928926584608,0.9740623608695134,6626592.394173427,6626592.394173427,6626592.394173427,1284271.0933014355,576405.1363636361,864607.7045454544,869663.8899521529,632023.1758373203,0.0241739039095721,1.3131571089632637,91.4033837252599,0.3409090909090908,0.3038277511961722,0.2057416267942583,0.1495215311004784,0.3038277511961723,0.1363636363636363,0.2045454545454545,0.2057416267942583,0.1495215311004784,4.14417553786959,-6625678.360336174,0.0,-3002856.2559505887,0.0,3002856.2559505887,,,,2.27938612781179,303959.6133646099,0.22793861278117333,-303957.3339784825,0.023966002025126287,1.314802669250185,7284.696709452844,0.29969429650987106,7284.3970151563335,-7282.117629028522
2014-06-30,263.16414287606915,175.4427619173794,916.3189218457304,733.0551374765844,0.015671245991482,1099.5827062148762,0.6718585147181535,1.567494414637036,0.9739390395410599,6847361.091190867,6847361.091190867,6847361.091190867,1328266.8674506675,594694.3759218657,892041.5638827983,900313.3011760017,653031.8915686666,0.02458031737522511,1.3098742161908556,91.63189218457303,0.3403428343631652,0.304066175004983,0.2060992625074746,0.1494917281243771,0.304066175004983,0.1361371337452661,0.2042057006178991,0.2060992625074746,0.1494917281243771,4.361359534917482,-6846444.772269022,0.0,-3223622.667883436,0.0,3223622.667883436,,,,2.285084593131387,220768.69701744057,0.22850845931313302,-220766.41193284746,0.024377110642398607,1.3115156625770596,5381.702953572324,0.2996924234205267,5381.403261148904,-5379.118176555772
2014-09-30,264.1510084118544,176.10067227456955,918.6097191503447,734.8877753202758,0.0156516569339927,1102.3316629804133,0.6752178072917442,1.5672942611580731,0.9738146771923065,6988643.475216906,6988643.475216906,6988643.475216906,1356908.997608609,606032.7022718211,909049.0534077318,920600.9964129134,666458.2502989236,0.02497558582702511,1.3065995306503786,91.86097191503448,0.3397768035073734,0.3043045037863691,0.2064567556795536,0.1494619370267038,0.3043045037863691,0.1359107214029493,0.203866082104424,0.2064567556795536,0.1494619370267038,4.5741979766025365,-6987724.865497755,0.0,-3364902.7611121694,0.0,3364902.7611121694,,,,2.2907973046143297,141282.38402603846,0.22907973046145003,-141280.09322873317,0.024777951601125107,1.3082368734206171,3500.688073488752,0.2996905503429251,3500.388382938409,-3498.0975856337946
2014-12-31,265.1415746933988,176.76104979559918,920.9062434482208,736.7249947585764,0.0156320923628252,1105.0874921378645,0.6785938963282029,1.5670924339224208,0.9736892748800502,7048248.956355515,7048248.956355515,7048248.956355515,1369729.6891811118,610262.2952779436,915393.4429169154,930179.5337716679,672095.0388523608,0.02535794071320293,1.3033330318237528,92.09062434482205,0.3392109982068141,0.3045427375971309,0.2068141063956964,0.1494321578003586,0.3045427375971309,0.1356843992827256,0.2035265989240884,0.2068141063956964,0.1494321578003586,4.782777774043636,-7047328.050112067,0.0,-3424505.9457264813,0.0,3424505.9457264813,,,,2.29652429787609,59605.48113860935,0.2296524297875635,-59603.184614311904,0.02516676327011402,1.3049662812370657,1500.0770334166277,0.2996886772769331,1499.7773447393508,-1497.4808204414749
2015-03-31,266.135855598499,177.42390373233266,923.2085090568412,738.5668072454728,0.0156125522473717,1107.850210868209,0.6819868658098438,1.5668889346201365,0.9735628336543825,7020607.261125787,7020607.261125787,7020607.261125787,1365602.109561753,606934.2709163342,910401.4063745018,928252.4143426296,669412.7988047808,0.025725599525626457,1.3000746992441936,92.3208509056841,0.3386454183266932,0.3047808764940239,0.2071713147410359,0.149402390438247,0.3047808764940239,0.1354581673306772,0.2031872509960159,0.2071713147410359,0.149402390438247,4.987184100137455,-7019684.05261673,0.0,-3396861.948231145,0.0,3396861.948231145,,,,2.3022656086203597,-27641.695229727775,0.23022656086205018,27643.997495336458,0.025541770119414692,1.3017038655339732,-706.0178252686285,0.29968680422272326,-706.3175120728512,708.6197776814715
2015-06-30,267.13386505699333,178.0892433713289,925.5165303294832,740.4132242635865,0.0155930365570625,1110.6198363953797,0.6853968001388929,1.566683764930517,0.9734353545587091,7042329.690969745,7042329.690969745,7042329.690969745,1371076.8238398724,607875.3923521211,911813.0885281815,932851.4857598087,671438.2095200159,0.02607676568378062,1.296824512496083,92.55165303294832,0.3380800637323242,0.3050189205337582,0.2075283808006373,0.1493726349332802,0.3050189205337582,0.1352320254929297,0.2028480382393945,0.2075283808006373,0.1493726349332802,5.187500424322665,-7041404.174439415,0.0,-3418582.07005383,0.0,3418582.07005383,,,,2.3080212726420086,21722.429843957536,0.23080212726422644,-21720.121822685003,0.02590118260470354,1.2984496058701382,562.6366220062059,0.2996849311802243,562.3369370750257,-560.0289158023837
2015-09-30,268.135617050957,178.75707803397137,927.8303216553068,742.2642573242454,0.0155735452613661,1113.396385986368,0.6888237841395873,1.566476926522132,0.9733068386297709,7024256.417464084,7024256.417464084,7024256.417464084,1368805.6875746718,605381.771804062,908072.6577060932,932180.7813620071,669670.1015531658,0.02640962841791955,1.293582451214843,92.78303216553068,0.3375149342891278,0.3052568697729988,0.2078853046594982,0.1493428912783751,0.3052568697729989,0.1350059737156511,0.2025089605734767,0.2078853046594982,0.1493428912783751,5.3838085466490995,-7023328.587142428,0.0,-3400506.482756843,0.0,3400506.482756843,,-2.0179596429465176,,2.3137913258235585,-18073.273505660705,0.23137913258236154,18075.587296986952,0.026243197050850084,1.295203481855463,-474.30047796296196,0.29968305814937146,-474.6001610211113,476.9139523469349
2015-12-31,269.1411256148981,179.42741707659874,930.1498974594452,744.1199179675559,0.0155540783297894,1116.179876951334,0.6922679030602852,1.566268421052853,0.973177286897661,7027199.536406256,7027199.536406256,7027199.536406256,1370628.6584710332,604702.2494525182,907053.3741787774,934296.2377065499,669906.4801911208,0.026722362651389765,1.290348495086806,93.01498974594448,0.3369500298626319,0.3054947242683655,0.2082420864025483,0.1493131594664543,0.3054947242683655,0.1347800119450527,0.2021700179175791,0.2082420864025483,0.1493131594664543,5.576188631165653,-7026269.386508796,0.0,-3403447.282123211,0.0,3403447.282123211,-1287181.5890368067,-2.400804236258887,-1287179.1882325704,2.3195758041384806,2943.1189421722665,0.23195758041379122,-2940.799366367981,0.026565995534654656,1.2919654731508246,78.18688467570597,0.2996811851302242,77.88720349057574,-75.56762768643726
2016-03-31,270.15040483595396,180.100269890636,932.4752722030936,745.9802177624748,0.0155346357318772,1118.9703266437125,0.6957292425755865,1.5660582501698836,0.9730467003858448,7020388.5661915615,7020388.5661915615,7020388.5661915615,1370549.8089171974,603184.6815286623,904777.0222929936,935114.7133757962,669213.7738853501,0.027013128882118338,1.2871226238490892,93.24752722030937,0.3363853503184713,0.3057324840764331,0.2085987261146497,0.1492834394904458,0.3057324840764331,0.1345541401273885,0.2018312101910828,0.2085987261146497,0.1492834394904458,5.764719238640362,-7019456.090919359,0.0,-3396633.986533773,0.0,3396633.986533773,-1539268.6439174728,-2.329078958073215,-1539266.3148385147,2.3253747436483536,-6810.970214694738,0.23253747436488936,6813.295589437708,0.02686774576675405,1.2887355594679475,-182.9954161533525,0.29967931212289917,-183.29509546547538,185.62047020912374
2016-06-30,271.16346885408876,180.77564590272587,934.8064603836012,747.845168306881,0.0155152174372123,1121.7677524603214,0.6992078887884644,1.565846415509792,0.9729150801111793,6993824.829639006,6993824.829639006,6993824.829639006,1366610.1641791046,599975.1940298507,899962.791044776,933294.7462686567,666639.104477612,0.027280073063258192,1.2839048172894665,93.48064603836012,0.3358208955223881,0.3059701492537314,0.208955223880597,0.1492537313432836,0.3059701492537314,0.1343283582089552,0.2014925373134328,0.208955223880597,0.1492537313432836,5.949477358625642,-6992890.023178623,0.0,-3370067.9187930375,0.0,3370067.9187930375,-1745975.563705664,-2.0333685116320313,-1745973.5303371523,2.331188180507638,-26563.736552555114,0.2331188180507553,26566.067740735598,0.027146600972688263,1.285513720569278,-721.1151565358274,0.299677439127139,-721.4148339749545,723.7460221554621
2016-09-30,272.18033186229155,181.45355457486107,937.1434765345604,749.7147812276481,0.0154958234154158,1124.572171841472,0.7027039282324067,1.565632918698538,0.9727824270839303,6970200.885311728,6970200.885311728,6970200.885311728,1363237.3812176678,597025.3378432152,895538.0067648225,931855.5718265023,664345.7023477915,0.027521326482986632,1.2806950552462428,93.71434765345602,0.3352566653402308,0.3062077198567449,0.2093115797851174,0.1492240350179069,0.3062077198567449,0.1341026661360923,0.2011539992041384,0.2093115797851174,0.1492240350179069,6.130538440883079,-6969263.741835194,0.0,-3346441.637449608,0.0,3346441.637449608,-1792924.4899271962,-1.7458966875333097,-1792922.7440305087,2.33701615095913,-23623.944327278063,0.23370161509589593,23626.28134342935,0.027400699773122414,1.2822999362678547,-647.3126059687046,0.29967556614316204,-647.6122815348477,649.9492976858069
2016-12-31,273.20100810677513,182.1340054045168,939.4863352258966,751.5890681807172,0.0154764536361465,1127.3836022710757,0.7062174478735687,1.5654177613515043,0.9726487423077911,6968380.459185915,6968380.459185915,6968380.459185915,1364125.7739208278,595947.1897752137,893920.7846628206,933325.9108812413,664131.3407598966,0.027735005643450265,1.2774933176081271,93.94863352258965,0.3346926596379551,0.3064451959419137,0.2096677939128705,0.1491943505072608,0.3064451959419137,0.133877063855182,0.200815595782773,0.2096677939128705,0.1491943505072608,6.307976426178924,-6967440.972850689,0.0,-3344618.868465103,0.0,3344618.868465103,-1751907.087372062,-1.50811310027201,-1751905.5792589618,2.3428586913362324,-1820.4261258132756,0.23428586913362892,1822.7689845049754,0.027628166063218447,1.279094186427185,-50.29503530979058,0.299673693170865,-50.594709002961444,52.93756769429768
2017-03-31,274.2255118871755,182.8170079247837,941.8350510639611,753.4680408511689,0.0154571080691014,1130.2020612767533,0.7097485351129365,1.5652009450735245,0.972514026779901,6995850.317717636,6995850.317717636,6995850.317717636,1370753.9689737472,597371.3794749401,896057.0692124102,938726.4534606205,666709.1288782815,0.027919212138851478,1.2742995843141072,94.18350510639613,0.3341288782816229,0.3066825775656325,0.2100238663484487,0.1491646778042959,0.3066825775656325,0.1336515513126491,0.2004773269689737,0.2100238663484487,0.1491646778042959,6.481863776464161,-6994908.482666572,0.0,-3372086.378280986,0.0,3372086.378280986,-1683216.3507237146,-1.3174705832271876,-1683215.0332531314,2.3487158380645496,27469.858531720936,0.23487158380648054,-27467.50981588289,0.02782710889115087,1.2758964509611173,764.4067445867083,0.29967182021030514,764.107072766498,-761.7583569284335
2017-06-30,275.2538575567524,183.50257170450163,944.1896386916212,755.3517109532968,0.015437786684015,1133.0275664299452,0.713297277788501,1.5649824714589124,0.972378281490863,6985059.819038723,6985059.819038723,6985059.819038723,1369889.857725194,595527.1101610657,893290.6652415985,938998.0365877908,665641.3302843508,0.028072032532667643,1.271113835353322,94.4189638691621,0.3335653211374031,0.3069198647842514,0.210379797176377,0.1491350169019686,0.3069198647842514,0.1334261284549612,0.2001391926824418,0.210379797176377,0.1491350169019686,6.65227150445067,-6984115.629400031,0.0,-3361293.525014445,0.0,3361293.525014445,-1659864.1818782398,-1.164337268648012,-1659863.0175409713,2.3545876276600666,-10790.49867891334,0.23545876276597255,10792.853266540915,0.02799562233575956,1.2727067098337146,-302.0867258293703,0.29966994726139806,-302.38639577663173,304.7409834042918
2017-09-30,276.28605952259016,184.1907063483935,946.55011278835,757.24009023068,0.01541848945066,1135.86013534602,0.7168637641774435,1.564762342091489,0.9722415074247602,6972050.541925706,6972050.541925706,6972050.541925706,1368587.722664016,593497.5884691848,890246.3827037775,938966.3339960237,664362.9721669977,0.02819153823400272,1.2679360507649389,94.655011278835,0.3330019880715706,0.3071570576540756,0.2107355864811133,0.1491053677932405,0.3071570576540756,0.1332007952286282,0.1998011928429424,0.2107355864811133,0.1491053677932405,6.819269202596202,-6971103.991812917,0.0,-3348281.887427332,0.0,3348281.887427332,-1557884.2888673919,-1.0399158292578297,-1557883.2489515627,2.360474096728808,-13009.277113016695,0.23604740967290638,13011.637587113306,0.028131785383335182,1.2695249430591304,-365.97419173571996,0.2996680743242517,-366.2738598100442,368.634333906773
2017-12-31,277.3221322457999,184.8814214971999,948.916488070321,759.1331904562567,0.0153992163388466,1138.6997856843848,0.7204480829983306,1.5645405585446128,0.9721037055591756,6960140.291986248,6960140.291986248,6960140.291986248,1367498.234943351,591565.6768038161,887348.5152057244,939077.3524150269,663190.220632081,0.028275785373057253,1.2647662106380266,94.89164880703208,0.3324388789505068,0.3073941562313655,0.2110912343470483,0.1490757304710793,0.3073941562313655,0.1329755515802027,0.1994633273703041,0.2110912343470483,0.1490757304710793,6.982925071509259,-6959191.375498178,0.0,-3336369.271112593,0.0,3336369.271112593,-1425757.1081557253,-0.937422069748271,-1425756.1707336556,2.3663752819709316,-11910.249939457513,0.23663752819707895,11912.616314738989,0.028233661803529986,1.2663511307014828,-336.26996878615694,0.2996662013987749,-336.56963498755573,338.93601026952666
2018-03-31,278.3620902417216,185.57472682781443,951.2887792904968,761.0310234323973,0.0153799673184231,1141.5465351485957,0.7240503234133222,1.5643171223812042,0.9719648768652058,6870790.53628848,6870790.53628848,6870790.53628848,1351176.9682034978,583066.0302066773,874599.0453100158,928715.9523052466,654640.0039745625,0.02832281467572082,1.2616042951114317,95.12887792904966,0.3318759936406995,0.307631160572337,0.2114467408585056,0.1490461049284578,0.3076311605723371,0.1327503974562798,0.1991255961844197,0.2114467408585056,0.1490461049284578,7.143305947786236,-6869839.24750919,0.0,-3247017.1431236044,0.0,3247017.1431236044,-1257112.2719067407,-0.8518361917294787,-1257111.420070549,2.372291220175839,-89349.75569776818,0.23722912201758106,89352.12798898853,0.02829930002438904,1.2631852528747292,-2528.535543597006,0.2996643284850281,-2528.835207925491,2531.2074991456666
2018-06-30,279.40594808012804,186.27063205341872,953.6670012387228,762.9336009909782,0.0153607423592751,1144.4004014864672,0.7276705750303888,1.5640920351537768,0.971825022307482,6734184.18052627,6734184.18052627,6734184.18052627,1325523.2077289885,570586.6276574606,855879.9414861912,911912.061593483,641589.1615338762,0.028330651337267015,1.2584502843736531,95.36670012387228,0.3313133320087423,0.3078680707331611,0.2118021060997417,0.1490164911583548,0.3078680707331611,0.1325253328034969,0.1987879992052454,0.2118021060997417,0.1490164911583548,7.300477331291547,-6733230.513525031,0.0,-3110408.409139445,0.0,3110408.409139445,-1077082.4804406466,-0.7794630704554396,-1077081.7009775762,2.3782219482260416,-136606.35576221067,0.2378221948226127,136608.7339841593,0.028326733006493916,1.2600272897425424,-3869.6117666662635,0.29966245558295956,-3869.9114291218466,3872.2896510700725
2018-09-30,280.4537203854285,186.96914692361904,956.0511687418197,764.8409349934557,0.015341541431326,1147.2614024901834,0.7313089279055407,1.5638652984044599,0.9716841428441829,6557144.884467745,6557144.884467745,6557144.884467745,1291855.7526817638,554723.3599523238,832085.0399284861,889556.3790226461,624688.4684147793,0.02829730489516086,1.2553041586627192,95.60511687418196,0.3307508939213349,0.3081048867699642,0.2121573301549464,0.1489868891537544,0.3081048867699642,0.1323003575685339,0.1984505363528009,0.2121573301549464,0.1489868891537544,7.454503411892377,-6556188.833299004,0.0,-2933366.728913418,0.0,2933366.728913418,-881778.95191929,-0.7175618762651284,-881778.2343574137,2.384167503096819,-177039.2960585244,0.2384167503096819,177041.68022602703,0.028313978116213938,1.2568772215181863,-5012.68675431098,0.2996605826926282,-5012.986414893673,5015.37058239677
2018-12-31,281.50542183687384,187.6702812245826,958.441296663674,766.7530373309393,0.0153223645045368,1150.1295559964087,0.7349654725450683,1.5636369136650285,0.971542239427054,6372814.896262082,6372814.896262082,6372814.896262082,1256688.160873883,538291.5471698113,807437.3207547169,866123.2413108242,607095.7298907643,0.028220769100960223,1.2521658982660624,95.8441296663674,0.330188679245283,0.3083416087388282,0.2125124131082423,0.1489572989076464,0.3083416087388282,0.1320754716981132,0.1981132075471698,0.2125124131082423,0.1489572989076464,7.605447095658493,-6371856.454965418,0.0,-2749034.3505798327,0.0,2749034.3505798327,-710421.4815263799,-0.6640744684651599,-710420.8174519115,2.3901279218544005,-184329.98820566293,0.23901279218543436,184332.37833358534,0.02825903699806054,1.2537350284643907,-5208.987956555892,0.29965870981395903,-5209.287615265706,5211.677743187561
2019-03-31,282.56106716876207,188.37404477917477,960.8373999053332,768.6699199242665,0.0153032115489061,1153.0048798863995,0.7386402999077936,1.5634068824569267,0.9713993130014213,6184238.842163621,6184238.842163621,6184238.842163621,1220617.318903892,521550.7720413026,782326.1580619538,842021.7283558381,589101.0226370135,0.028099021791310897,1.2490354835203974,96.08373999053332,0.329626687847498,0.3085782366957903,0.2128673550436855,0.1489277204130262,0.3085782366957903,0.1318506751389992,0.1977760127084988,0.2128673550436855,0.1489277204130262,7.7533700305383695,-6183278.004763716,0.0,-2560455.9003781304,0.0,2560455.9003781304,-595774.4494013484,-0.617434004036571,-595773.8319673443,2.396103241659148,-188576.05409846082,0.23961032416592332,188578.4502017023,0.02815989544613556,1.25060069089323,-5310.28196705746,0.2996568369470545,-5310.581623894407,5312.977727136066
2019-06-30,283.6206711706449,189.08044744709665,963.2394934050964,770.5915947240771,0.01528408253447,1155.8873920861156,0.7423335014073325,1.5631752062912958,0.97125536450621,5981985.453414038,5981985.453414038,5981985.453414038,1181777.614353782,503708.491363907,755562.7370458605,815962.1715306733,569805.9857057773,0.027930024758026178,1.2459128948115965,96.32394934050964,0.329064919594997,0.3088147706968434,0.2132221560452651,0.1488981536628946,0.3088147706968434,0.1316259678379988,0.1974389517569982,0.2132221560452651,0.1488981536628946,7.898332631521402,-5981022.213920632,0.0,-2358200.109535047,0.0,2358200.109535047,-525507.3634718796,-0.5764311506428624,-525506.787040729,2.4020934997631684,-202253.38874958362,0.24020934997632537,202255.79084308352,0.028014523274668537,1.247474189165997,-5666.032266505794,0.2996549640918077,-5666.331921469886,5668.734014969649
2019-09-30,284.6842486875348,189.78949912502324,965.6475921386092,772.5180737108873,0.0152649774313019,1158.7771105663307,0.746045168914369,1.5629418866689986,0.9711103948739586,6029384.360331296,6029384.360331296,6029384.360331296,1192231.4916633584,506908.9579198095,760363.436879714,823918.4874950376,574292.6260420801,0.02771172361724412,1.2427981125745675,96.56475921386092,0.3285033743549027,0.3090512107979357,0.2135768161969035,0.148868598650258,0.3090512107979357,0.1314013497419611,0.1971020246129416,0.2135768161969035,0.148868598650258,8.040394105297283,-6028418.7127391575,0.0,-2405596.608353572,0.0,2405596.608353572,-446513.67342530313,-0.5401201349469976,-446513.1333051682,2.4080987335128157,47398.906917258166,0.24080987335128157,-47396.49881852511,0.02782087418763515,1.244355503693082,1318.679025976469,0.29965309124830125,1318.3793728852206,-1315.9712741517078
2019-12-31,285.75181462011307,190.5012097467421,968.0617111189556,774.4493688951644,0.0152458962095128,1161.6740533427464,0.7497753947589407,1.562706925080645,0.9709644050308348,6509597.902753608,6509597.902753608,6509597.902753608,1288365.4640801745,546428.984123834,819643.4761857511,891150.4461202621,620002.6294899782,0.027442047677664685,1.239691117293131,96.80617111189557,0.3279420519944434,0.3092875570549712,0.2139313355824569,0.1488390553681286,0.3092875570549712,0.1311768207977773,0.196765231196666,0.2139313355824569,0.1488390553681286,8.179612474421834,-6508629.84104249,0.0,-2885807.736656904,0.0,2885807.736656904,-320863.59243155754,-0.5077521033608041,-320863.08467945416,2.414118980346416,480213.5424223123,0.24141189803464158,-480211.12830333225,0.027576885647454405,1.2412446149338492,13242.793945739102,0.29965121841645836,13242.494294520686,-13240.080175540339
2020-03-31,286.82338392493847,191.21558928329233,970.4818653967528,776.3854923174023,0.0152268388392509,1164.5782384761033,0.7535242717327354,1.562470323006616,0.9708173958966513,8209653.443826556,8209653.443826556,8209653.443826556,1626324.1428571432,688060.2142857141,1032090.3214285712,1125916.7142857143,781886.6071428572,0.027118909807844028,1.2365918894998984,97.04818653967529,0.3273809523809524,0.3095238095238096,0.2142857142857143,0.1488095238095238,0.3095238095238096,0.1309523809523809,0.1964285714285714,0.2142857142857143,0.1488095238095238,8.316044600999813,-8208682.9619611595,0.0,-4585860.857575574,0.0,4585860.857575574,-52207.66904775883,-0.47872727586190633,-52207.190320482965,2.4201542777972236,1700055.541072948,0.24201542777971952,-1700053.1209186697,0.027280478742754355,1.2381415033965149,46378.32904974231,0.2996493455963326,46378.029400396714,-46375.60924611892
2020-06-30,287.89897161465694,191.93264774310467,972.9080700602448,778.3264560481957,0.0152078052907018,1167.4896840722934,0.757291893091399,1.5622320819170894,0.9706693683848809,11064199.398225566,11064199.398225566,11064199.398225566,2193813.642729617,925855.3894068631,1388783.0841102954,1520144.9640944256,1053704.9196587973,0.02674020630255735,1.2335004097761486,97.29080700602448,0.3268200753818686,0.3097599682602658,0.2146399523903987,0.1487800039674667,0.3097599682602658,0.1307280301527474,0.1960920452291212,0.2146399523903987,0.1487800039674667,8.449746209893913,-11063226.490155507,0.0,-7440404.385769921,0.0,7440404.385769921,337542.0654580997,-0.4525601475820689,337542.51801824727,2.4262046634919443,2854545.95439901,0.24262046634919443,-2854543.5281943474,0.02692955805520069,1.2350461496380234,76871.6610002264,0.2996474727879542,76871.36135275362,-76868.93514809012
2020-09-30,288.9785927582119,192.6523951721413,975.3403402353952,780.2722721883162,0.0151887955340885,1170.408408282474,0.7610783525568559,1.5619922032720626,0.9705203234026709,11021618.483281896,11021618.483281896,11021618.483281896,2187372.0005950015,920851.4244347482,1381277.136652122,1517025.750892503,1049602.6874256246,0.026303816748213846,1.2304166587517082,97.53403402353952,0.3262594208647362,0.309996033320111,0.2149940499801666,0.1487504958349861,0.309996033320111,0.1305037683458945,0.1957556525188417,0.2149940499801666,0.1487504958349861,8.580771911469466,-11020643.14294166,0.0,-7397821.038556074,0.0,7397821.038556074,490986.3538411893,-0.42885385295382195,490986.78269504226,2.432270175150393,-42580.914943670854,0.24322701751503928,42583.34721384756,0.026522011525385598,1.2319585342639283,-1129.3315168975023,0.2996455999912146,-1129.6311624974935,1132.063432672644
2020-12-31,290.0622624810552,193.3748416540368,977.7786910859836,782.2229528687869,0.0151698095396709,1173.3344293031805,0.76488374431964,1.5617506885213768,0.9703702618508584,11499718.494074568,11499718.494074568,11499718.494074568,2284347.1424747175,959294.3896490183,1438941.5844735275,1585682.9637120764,1095084.9196906602,0.025807603887307188,1.2273406171048291,97.77786910859837,0.325698988697204,0.310232004759072,0.215348007138608,0.148720999405116,0.310232004759072,0.1302795954788816,0.1954193932183224,0.215348007138608,0.148720999405116,8.709175223884621,-11498740.715383483,0.0,-7875918.610997898,0.0,7875918.610997898,530576.7464219364,-0.40728104366260753,530577.1537029801,2.4383508505884492,478100.01079267263,0.24383508505884777,-478097.5724418238,0.026055710317760515,1.2288786379282688,12457.235384132055,0.2996437272062404,12456.935740404848,-12454.497389554259
2021-03-31,291.14999596535915,194.09999731023944,980.2231378136986,784.1785102509589,0.0151508472777463,1176.267765376438,0.7687081630412381,1.561507539104742,0.9702191846239854,12006412.73008589,12006412.73008589,12006412.73008589,2387183.8239492467,999995.2672482152,1499992.9008723237,1658528.7359238698,1143287.272006344,0.025249413481927913,1.224272265562067,98.02231378136986,0.3251387787470262,0.3104678826328311,0.2157018239492466,0.1486915146708961,0.3104678826328311,0.1300555114988104,0.1950832672482157,0.2157018239492466,0.1486915146708961,8.835008594934282,-12005432.506948076,0.0,-8382610.402562491,0.0,8382610.402562491,496808.1999710705,-0.38756945532502146,496808.5875405258,2.4444467277149897,506694.2360113226,0.2444446727714933,-506691.7915645931,0.02552850868461755,1.225806441333448,12935.148204460702,0.2996418544329434,12934.848562606268,-12932.404115878553
2021-06-30,292.2418084502292,194.8278723001528,982.6736956582328,786.1389565265862,0.0151319087186491,1179.2084347898792,0.7725517038564442,1.5612627564517565,0.9700670926103113,12612729.873556798,12612729.873556798,12612729.873556798,2510033.244796829,1048849.6174430123,1573274.4261645188,1745413.8671952426,1200972.844400396,0.0246270741762926,1.221211584898162,98.26736956582327,0.3245787908820614,0.3107036669970268,0.2160555004955401,0.1486620416253716,0.3107036669970268,0.1298315163528245,0.1947472745292368,0.2160555004955401,0.1486620416253716,8.958323423457465,-12611747.19986114,0.0,-8988925.095475554,0.0,8988925.095475554,427768.9644814375,-0.3694908905605907,427769.3339723281,2.45055784453416,606317.1434709076,0.24505578445341314,-606314.6929130647,0.02493824382911026,1.2227419252301144,15120.48476164712,0.2996399816713423,15120.185121665449,-15117.734563820915
2021-09-30,293.3377152319175,195.55847682127836,985.1303798973782,788.1043039179026,0.0151129938327508,1182.156455876854,0.7764144623757264,1.5610163419819343,0.9699139866918298,13187436.397752883,13187436.397752883,13187436.397752883,2626809.787752676,1094922.6266349575,1642383.9399524368,1828219.431629013,1255645.2140309152,0.023938397358307686,1.2181585559359167,98.51303798973782,0.3240190249702734,0.3109393579072533,0.2164090368608799,0.1486325802615933,0.3109393579072533,0.1296076099881093,0.194411414982164,0.2164090368608799,0.1486325802615933,9.079170080316437,-13186451.267372986,0.0,-9563629.1629874,0.0,9563629.1629874,347391.3227002992,-0.3528527207902804,347391.67555302,2.4566842391454884,574706.5241960846,0.24566842391455168,-574704.0675118454,0.024282735767300143,1.2196850704170394,13955.446670797008,0.2996381089214631,13955.147032688086,-13952.690348448941
2021-12-31,294.4377316640372,196.29182110935815,987.5932058471216,790.0745646776974,0.0150941025904598,1185.111847016546,0.780296534687605,1.5607682971047234,0.9697598677442801,13668365.931162732,13668365.931162732,13668365.931162732,2725102.225084209,1133073.386170002,1699610.079255002,1898288.3376263133,1301385.971864474,0.02318117702014718,1.215113159546077,98.75932058471216,0.3234594808797305,0.3111749554190609,0.2167624331285913,0.1486031305726174,0.3111749554190609,0.1293837923518922,0.1940756885278382,0.2167624331285913,0.1486031305726174,9.197597928956192,-13667378.337956885,0.0,-10044556.233571298,0.0,10044556.233571298,283304.69880927686,-0.33749126584360595,283305.0363005427,2.462825949743319,480929.5334098488,0.24628259497433191,-480927.0705838986,0.02355978718922743,1.2166358577409968,11330.597460150482,0.29963623618327484,11330.2978239143,-11327.834997964555
2022-03-31,295.54187315777733,197.02791543851825,990.0621888617394,792.0497510893915,0.0150752349622218,1188.0746266340873,0.7841980173610429,1.56051862321953,0.9696047366371623,13946576.529357437,13946576.529357437,13946576.529357437,2783119.4976228215,1154321.8272583196,1731482.7408874799,1940393.746434231,1327824.1877971468,0.02235318961786243,1.212075376647212,99.00621888617394,0.3229001584786054,0.3114104595879557,0.2171156893819334,0.1485736925515055,0.3114104595879557,0.1291600633914421,0.1937400950871632,0.2171156893819334,0.1485736925515055,9.313655345552855,-13945586.467168575,0.0,-10322764.362782989,0.0,10322764.362782989,264884.51134835824,-0.3232665884897214,264884.83461494674,2.4689830146178338,278210.5981947053,0.24689830146178338,-278208.1292116903,0.022767183319004805,1.2135942680966445,6334.071690388843,0.2996343634568177,6333.7720560253865,-6331.3030730107685
2022-06-30,296.65015518211897,197.76677012141263,992.5373443338937,794.029875467115,0.015056390918519,1191.0448132006725,0.788119007447848,1.5602673217157408,0.9694485942337506,13907525.466281306,13907525.466281306,13907525.466281306,2777871.9836601308,1149281.6405228758,1723922.460784313,1938419.725490196,1324057.1895424835,0.021452193929963198,1.209045188205594,99.25373443338935,0.3223410576351753,0.3116458704693999,0.2174688057040998,0.148544266191325,0.3116458704693999,0.1289364230540701,0.1934046345811051,0.2174688057040998,0.148544266191325,9.427389738758961,-13906532.928936971,0.0,-10283710.824551385,0.0,10283710.824551385,326518.8281465559,-0.31005836583480206,326519.13820492174,2.475155472154256,-39051.063076131046,0.24751554721541424,39053.5382316038,0.021902691773912814,1.210560282426403,-855.3233980001258,0.29963249074201753,-855.6230304908679,858.0981859630222
2022-09-30,297.7625932640519,198.50839550936792,995.0186876947284,796.0149501557827,0.0150375704298708,1194.022425233674,0.7920596024850872,1.5600143939727422,0.9692914413911063,13721211.12315165,13721211.12315165,13721211.12315165,2743171.886138614,1132102.6831683167,1698154.0247524746,1915866.0792079205,1306272.3267326732,0.020475930915043548,1.20602257523508,99.50186876947284,0.3217821782178218,0.3118811881188119,0.2178217821782178,0.1485148514851485,0.3118811881188119,0.1287128712871287,0.193069306930693,0.2178217821782178,0.1485148514851485,9.538847569054106,-13720216.104463955,0.0,-10097394.000078369,0.0,10097394.000078369,495905.93864933815,-0.2977625880855621,495906.2364119262,2.481343360834785,-186314.34312965535,0.24813433608348134,186316.82447301596,0.02096406242250337,1.207533881720337,-3905.905519577807,0.2996306180389849,-3906.205150195846,3908.6864935566805
2022-12-31,298.87920298879203,199.25280199252805,997.5062344139652,798.0049875311721,0.0150187734668335,1197.0074812967582,0.7960199004975126,1.5597598413599438,0.9691332789600913,13337770.002882069,13337770.002882069,13337770.002882069,2668960.191744209,1098734.6428430008,1648101.964264502,1865648.0376163132,1269724.1635319735,0.019422123568371988,1.2030075187969924,99.75062344139651,0.3212235200950306,0.312116412591566,0.218174618887349,0.1484854484260542,0.312116412591566,0.1284894080380122,0.1927341120570184,0.218174618887349,0.1484854484260542,9.648074367708174,-13336772.496647654,0.0,-9713950.392262068,0.0,9713950.392262068,799226.2967950512,-0.2862888986730795,799226.5830839499,2.487546719236775,-383441.1202695817,0.2487546719236775,383443.6078163013,0.019949027241707766,1.2045150470160362,-7649.277353848829,0.2996287453476071,-7649.576982594177,7652.064529313414
