date,L_real,L_asset,U,Y,spread,depth,turnover,L_asset_toy,U_gdp_only,depth_toy,turnover_toy
1990-03-31,894815.7,357926.28,345769978514239.25,461295100000000.0,6.708666666666666,894815.7,10.0,357926.28,461295100000000.0,1000.0,1.0
1990-06-30,906614.2,362645.68,,,6.611666666666667,906614.2,10.0,362645.68,,1000.0,1.0
1990-09-30,934206.9,373682.76,,,7.474666666666667,934206.9,10.0,373682.76,,1000.0,1.0
1990-12-31,957306.6,382922.64,,,7.044666666666667,957306.6,10.0,382922.64,,1000.0,1.0
1991-03-31,967276.7,386910.68,368708087303470.7,491418900000000.0,6.444,967276.7,10.0,386910.68,491418900000000.0,1000.0,1.0
1991-06-30,978605.0,391442.0,,,6.6706666666666665,978605.0,10.0,391442.0,,1000.0,1.0
1991-09-30,991645.6,396658.24,,,6.388333333333333,991645.6,10.0,396658.24,,1000.0,1.0
1991-12-31,1013277.7,405311.08,,,5.843666666666667,1013277.7,10.0,405311.08,,1000.0,1.0
1992-03-31,1015794.4,406317.76,378867371568541.44,504161200000000.0,5.519333333333333,1015794.4,10.0,406317.76,504161200000000.0,1000.0,1.0
1992-06-30,1023105.3,409242.12000000005,,,5.696333333333333,1023105.3,10.0,409242.12000000005,,1000.0,1.0
1992-09-30,1033699.7,413479.88,,,5.1803333333333335,1033699.7,10.0,413479.88,,1000.0,1.0
1992-12-31,1051575.6,420630.24000000005,,,4.910333333333333,1051575.6,10.0,420630.24000000005,,1000.0,1.0
1993-03-31,1055118.8,422047.52,380107768107193.3,504497800000000.0,4.483333333333333,1055118.8,10.0,422047.52,504497800000000.0,1000.0,1.0
1993-06-30,1057038.5,422815.4,,,4.790666666666667,1057038.5,10.0,422815.4,,1000.0,1.0
1993-09-30,1065108.1,426043.24000000005,,,4.3133333333333335,1065108.1,10.0,426043.24000000005,,1000.0,1.0
1993-12-31,1077346.2,430938.48,,,3.6963333333333335,1077346.2,10.0,430938.48,,1000.0,1.0
1994-03-31,1073805.6,429522.24000000005,385078043961026.56,510916100000000.0,4.030333333333334,1073805.6,10.0,429522.24000000005,510916100000000.0,1000.0,1.0
1994-06-30,1070244.9,428097.95999999996,,,4.118333333333333,1070244.9,10.0,428097.95999999996,,1000.0,1.0
1994-09-30,1083003.8,433201.52,,,4.650333333333333,1083003.8,10.0,433201.52,,1000.0,1.0
1994-12-31,1094437.9,437775.16,,,4.654333333333334,1094437.9,10.0,437775.16,,1000.0,1.0
1995-03-31,1092392.5,436957.0,393041137273022.94,521613500000000.0,4.4110000000000005,1092392.5,10.0,436957.0,521613500000000.0,1000.0,1.0
1995-06-30,1086950.1,434780.04000000004,,,3.3183333333333334,1086950.1,10.0,434780.04000000004,,1000.0,1.0
1995-09-30,1095877.8,438351.12000000005,,,3.0593333333333335,1095877.8,10.0,438351.12000000005,,1000.0,1.0
1995-12-31,1108342.9,443337.16,,,2.985333333333333,1108342.9,10.0,443337.16,,1000.0,1.0
1996-03-31,1106686.8,442674.72000000003,403170390494037.06,535562100000000.0,3.2300000000000004,1106686.8,10.0,442674.72000000003,535562100000000.0,1000.0,1.0
1996-06-30,1105067.3,442026.92000000004,,,3.3136666666666663,1105067.3,10.0,442026.92000000004,,1000.0,1.0
1996-09-30,1104866.4,441946.56,,,3.1436666666666664,1104866.4,10.0,441946.56,,1000.0,1.0
1996-12-31,1116831.8,446732.72000000003,,,2.718666666666666,1116831.8,10.0,446732.72000000003,,1000.0,1.0
1997-03-31,1104924.6,441969.8400000001,408713674575868.9,543545400000000.0,2.5796666666666668,1104924.6,10.0,441969.8400000001,543545400000000.0,1000.0,1.0
1997-06-30,1102705.6,441082.24000000005,,,2.6006666666666667,1102705.6,10.0,441082.24000000005,,1000.0,1.0
1997-09-30,1103383.7,441353.48,,,2.356333333333333,1103383.7,10.0,441353.48,,1000.0,1.0
1997-12-31,1121328.5,448531.4,,,1.9580000000000002,1121328.5,10.0,448531.4,,1000.0,1.0
1998-03-31,1103030.6,441212.24000000005,403731681039941.94,536497400000000.0,1.9343333333333332,1103030.6,10.0,441212.24000000005,536497400000000.0,1000.0,1.0
1998-06-30,1096157.3,753964.0,,,1.6873333333333334,1096157.3,10.0,438462.92000000004,,1000.0,1.0
1998-09-30,1096166.3,783667.0,,,1.4293333333333333,1096166.3,10.0,438466.52,,1000.0,1.0
1998-12-31,1069142.2,912382.0,,,1.1146666666666667,1069142.2,10.0,427656.88,,1000.0,1.0
1999-03-31,1046536.1,797450.0,420587981247312.94,528069900000000.0,1.9476666666666667,1046536.1,10.0,418614.44,528069900000000.0,1000.0,1.0
1999-06-30,1033291.7,734211.0,,,1.5096666666666667,1033291.7,10.0,413316.68,,1000.0,1.0
1999-09-30,1028429.7,688207.0,,,1.78,1028429.7,10.0,411371.88,,1000.0,1.0
1999-12-31,1037476.6,1113478.0,,,1.7586666666666666,1037476.6,10.0,414990.64,,1000.0,1.0
2000-03-31,1026246.9,1062017.0,442631299509709.06,535417700000000.0,1.7686666666666666,1026246.9,10.0,410498.76,535417700000000.0,1000.0,1.0
2000-06-30,1008805.5,837194.0,,,1.703,1008805.5,10.0,403522.2,,1000.0,1.0
2000-09-30,1008098.1,853390.0,,,1.7716666666666665,1008098.1,10.0,403239.24,,1000.0,1.0
2000-12-31,1004551.3,1067962.0,,,1.7343333333333335,1004551.3,10.0,401820.52,,1000.0,1.0
2001-03-31,994138.2,1150959.0,445678025296954.1,531653900000000.0,1.364,994138.2,10.0,397655.28,531653900000000.0,1000.0,1.0
2001-06-30,979499.6,1169329.0,,,1.2389999999999999,979499.6,10.0,391799.84,,1000.0,1.0
2001-09-30,975196.7,1156156.0,,,1.3313333333333335,975196.7,10.0,390078.68,,1000.0,1.0
2001-12-31,972240.6,1175079.0,,,1.3416666666666668,972240.6,10.0,388896.24,,1000.0,1.0
2002-03-31,960634.2,1385648.0,455646713904616.75,524478700000000.0,1.4473333333333331,960634.2,10.0,384253.68,524478700000000.0,1000.0,1.0
2002-06-30,949681.1,1241193.0,,,1.3623333333333332,949681.1,10.0,379872.44,,1000.0,1.0
2002-09-30,935761.8,1244691.0,,,1.2266666666666666,935761.8,10.0,374304.72000000003,,1000.0,1.0
2002-12-31,939259.7,1251263.0,,,1.0163333333333333,939259.7,10.0,375703.88,,1000.0,1.0
2003-03-31,924372.0,1411674.0,456952117724621.2,523968600000000.0,0.7959999999999999,924372.0,10.0,369748.80000000005,523968600000000.0,1000.0,1.0
2003-06-30,907895.5,1252605.0,,,0.5896666666666667,907895.5,10.0,363158.2,,1000.0,1.0
2003-09-30,895945.9,1339295.0,,,1.2606666666666666,895945.9,10.0,358378.36000000004,,1000.0,1.0
2003-12-31,896565.0,1313685.0,,,1.3666666666666665,896565.0,10.0,358626.0,,1000.0,1.0
2004-03-31,883902.3,1493819.0,466001938665383.06,529400900000000.0,1.3196666666666668,883902.3,10.0,353560.92000000004,529400900000000.0,1000.0,1.0
2004-06-30,871859.2,1347362.0,,,1.6106666666666667,871859.2,10.0,348743.68,,1000.0,1.0
2004-09-30,865614.4,1394564.0,,,1.5963333333333332,865614.4,10.0,346245.76,,1000.0,1.0
2004-12-31,868075.1,1445467.0,,,1.444,868075.1,10.0,347230.04000000004,,1000.0,1.0
2005-03-31,872895.3,1505173.0,468907492930054.1,532515600000000.0,1.3513333333333335,872895.3,10.0,349158.12000000005,532515600000000.0,1000.0,1.0
2005-06-30,863179.7,1442122.0,,,1.2126666666666666,863179.7,10.0,345271.88,,1000.0,1.0
2005-09-30,869192.2,1481357.0,,,1.3699999999999999,869192.2,10.0,347676.88,,1000.0,1.0
2005-12-31,873067.2,1556071.0,,,1.485,873067.2,10.0,349226.88,,1000.0,1.0
2006-03-31,870342.8,1448629.0,467153827904374.75,535170200000000.0,1.6346666666666667,870342.8,10.0,348137.12000000005,535170200000000.0,1000.0,1.0
2006-06-30,866632.8,1138328.0,,,1.902,866632.8,10.0,346653.12000000005,,1000.0,1.0
2006-09-30,869353.8,1174523.0,,,1.7409999999999999,869353.8,10.0,347741.52,,1000.0,1.0
2006-12-31,872353.9,1155436.0,,,1.6843333333333332,872353.9,10.0,348941.56000000006,,1000.0,1.0
2007-03-31,870578.4,1127409.0,449513171977154.4,539281700000000.0,1.6580000000000001,870578.4,10.0,348231.36000000004,539281700000000.0,1000.0,1.0
2007-06-30,857449.4,1000712.0,,,1.763,857449.4,10.0,342979.76,,1000.0,1.0
2007-09-30,862398.0,1110324.0,,,1.6946666666666665,862398.0,10.0,344959.2,,1000.0,1.0
2007-12-31,867065.5,1112844.0,,,1.5463333333333333,867065.5,10.0,346826.2,,1000.0,1.0
2008-03-31,855323.8,1134262.0,441930393959344.9,527823800000000.0,1.3676666666666666,855323.8,10.0,342129.52,527823800000000.0,1000.0,1.0
2008-06-30,863894.3,1014199.0,,,1.6596666666666666,863894.3,10.0,345557.72000000003,,1000.0,1.0
2008-09-30,861822.7,1125287.0,,,1.4829999999999999,861822.7,10.0,344729.08,,1000.0,1.0
2008-12-31,875499.0,1227708.0,,,1.359,875499.0,10.0,350199.60000000003,,1000.0,1.0
2009-03-31,865241.1,1238886.0,425593725499502.8,494938400000000.0,1.2906666666666666,865241.1,10.0,346096.44,494938400000000.0,1000.0,1.0
2009-06-30,859173.2,1098429.0,,,1.4153333333333336,859173.2,10.0,343669.28,,1000.0,1.0
2009-09-30,855849.7,1163248.0,,,1.3193333333333335,855849.7,10.0,342339.88,,1000.0,1.0
2009-12-31,852994.0,1225336.0,,,1.3096666666666665,852994.0,10.0,341197.60000000003,,1000.0,1.0
2010-03-31,840953.3,1218241.0,431689516094523.4,505530600000000.0,1.3213333333333332,840953.3,10.0,336381.32000000007,505530600000000.0,1000.0,1.0
2010-06-30,835064.2,1132336.0,,,1.2076666666666667,835064.2,10.0,334025.68,,1000.0,1.0
2010-09-30,830407.4,1203317.0,,,0.9986666666666667,830407.4,10.0,332162.96,,1000.0,1.0
2010-12-31,826419.9,1287104.0,,,1.0656666666666668,826419.9,10.0,330567.96,,1000.0,1.0
2011-03-31,819842.8,1423631.0,439152110075570.06,497448900000000.0,1.2226666666666668,819842.8,10.0,327937.12000000005,497448900000000.0,1000.0,1.0
2011-06-30,813816.3,1295844.0,,,1.139,813816.3,10.0,325526.52,,1000.0,1.0
2011-09-30,813906.0,1376890.0,,,1.0243333333333333,813906.0,10.0,325562.4,,1000.0,1.0
2011-12-31,813857.6,1430219.0,,,1.0236666666666667,813857.6,10.0,325543.04000000004,,1000.0,1.0
2012-03-31,811753.4,1394569.0,439413764398286.94,500474700000000.0,0.9623333333333334,811753.4,10.0,324701.36000000004,500474700000000.0,1000.0,1.0
2012-06-30,800241.7,1436265.0,,,0.8496666666666667,800241.7,10.0,320096.68,,1000.0,1.0
2012-09-30,804321.4,1499208.0,,,0.779,804321.4,10.0,321728.56000000006,,1000.0,1.0
2012-12-31,809260.7,1583627.0,,,0.7513333333333333,809260.7,10.0,323704.28,,1000.0,1.0
2013-03-31,808054.7,1648127.0,461368526107066.3,508700600000000.0,0.6453333333333333,808054.7,10.0,323221.88,508700600000000.0,1000.0,1.0
2013-06-30,804541.4,1870684.0,,,0.7633333333333333,804541.4,10.0,321816.56000000006,,1000.0,1.0
2013-09-30,809169.1,2088625.0,,,0.7223333333333333,809169.1,10.0,323667.64,,1000.0,1.0
2013-12-31,816114.4,2241897.0,,,0.6276666666666667,816114.4,10.0,326445.76,,1000.0,1.0
2014-03-31,816005.2,2415798.0,517482651564556.94,518811000000000.0,0.6016666666666667,816005.2,10.0,326402.08,518811000000000.0,1000.0,1.0
2014-06-30,810885.5,2577613.0,,,0.5706666666666668,810885.5,10.0,324354.2,,1000.0,1.0
2014-09-30,814485.6,2770994.0,,,0.504,814485.6,10.0,325794.24,,1000.0,1.0
2014-12-31,822207.6,3002117.0,,,0.405,822207.6,10.0,328883.04000000004,,1000.0,1.0
2015-03-31,822492.6,3235937.0,583325927670168.6,538032300000000.0,0.335,822492.6,10.0,328997.04000000004,538032300000000.0,1000.0,1.0
2015-06-30,817476.3,3454395.0,,,0.395,817476.3,10.0,326990.52,,1000.0,1.0
2015-09-30,822204.0,3661278.0,,,0.37999999999999995,822204.0,10.0,328881.60000000003,,1000.0,1.0
2015-12-31,830711.2,3831076.0,,,0.29,830711.2,10.0,332284.48,,1000.0,1.0
2016-03-31,828043.5,4056481.0,640172774132235.4,544364600000000.0,-0.006666666666666668,828043.5,10.0,331217.4,544364600000000.0,1000.0,1.0
2016-06-30,832477.4,4327586.0,,,-0.145,832477.4,10.0,332990.96,,1000.0,1.0
2016-09-30,841551.4,4568058.0,,,-0.11666666666666668,841551.4,10.0,336620.56000000006,,1000.0,1.0
2016-12-31,851317.7,4764980.0,,,0.0033333333333333327,851317.7,10.0,340527.08,,1000.0,1.0
2017-03-31,855976.9,4900893.0,700207516934725.8,553073000000000.0,0.06666666666666667,855976.9,10.0,342390.76,553073000000000.0,1000.0,1.0
2017-06-30,855001.2,5021084.0,,,0.043333333333333335,855001.2,,342000.48,,1000.0,1.0
2017-09-30,860444.5,5134438.0,,,0.04833333333333333,860444.5,,344177.80000000005,,1000.0,1.0
2017-12-31,867465.7,5214161.0,,,0.04833333333333334,867465.7,,346986.28,,1000.0,1.0
2018-03-31,868014.0,5282856.0,727096299188255.8,556630100000000.0,0.056666666666666664,868014.0,,347205.60000000003,556630100000000.0,1000.0,1.0
2018-06-30,875173.3,5370168.0,,,0.03666666666666667,875173.3,,350069.32000000007,,1000.0,1.0
2018-09-30,881855.9,5456615.0,,,0.09833333333333333,881855.9,,352742.36000000004,,1000.0,1.0
2018-12-31,891389.6,5520843.0,,,0.06833333333333334,891389.6,,356555.84,,1000.0,1.0
2019-03-31,897024.0,5570243.0,746350330251408.8,557910800000000.0,-0.03666666666666667,897024.0,,358809.60000000003,557910800000000.0,1000.0,1.0
2019-06-30,901848.1,5648665.0,,,-0.10166666666666667,901848.1,,360739.24,,1000.0,1.0
2019-09-30,912930.5,5698026.0,,,-0.21833333333333335,912930.5,,365172.2,,1000.0,1.0
2019-12-31,923009.9,5730531.0,,,-0.085,923009.9,,369203.96,,1000.0,1.0
2020-03-31,930078.2,6044846.0,763881387003717.4,539646000000000.0,-0.07166666666666667,930078.2,,372031.28,539646000000000.0,1000.0,1.0
2020-06-30,974242.6,6489462.0,,,-0.003333333333333334,974242.6,,389697.04000000004,,1000.0,1.0
2020-09-30,983358.6,6900269.0,,,0.023333333333333334,983358.6,,393343.44,,1000.0,1.0
2020-12-31,994569.7,7025822.0,,,0.03,994569.7,,397827.88,,1000.0,1.0
2021-03-31,998840.8,7145566.0,843588154429188.8,553068300000000.0,0.10833333333333332,998840.8,,399536.32000000007,553068300000000.0,1000.0,1.0
2021-06-30,1005731.0,7169006.0,,,0.07333333333333333,1005731.0,,402292.4,,1000.0,1.0
2021-09-30,1009540.5,7240579.0,,,0.03333333333333333,1009540.5,,403816.2,,1000.0,1.0
2021-12-31,1022655.2,7237659.0,,,0.07166666666666667,1022655.2,,409062.08,,1000.0,1.0
2022-03-31,1023972.7,7362535.0,862653965095159.5,560506000000000.0,0.18666666666666668,1023972.7,,409589.08,560506000000000.0,1000.0,1.0
2022-06-30,1032801.0,7327306.0,,,0.225,1032801.0,,413120.4,,1000.0,1.0
2022-09-30,1037945.5,6857902.0,,,0.21333333333333335,1037945.5,,415178.2,,1000.0,1.0
2022-12-31,1047000.6,7039414.0,,,0.3016666666666667,1047000.6,,418800.24,,1000.0,1.0
2023-03-31,1048927.3,7351165.0,883912228791714.8,591912500000000.0,0.4366666666666667,1048927.3,,419570.92000000004,591912500000000.0,1000.0,1.0
2023-06-30,1056591.6,7328285.0,,,0.4033333333333333,1056591.6,,422636.6400000001,,1000.0,1.0
2023-09-30,1067500.9,7414910.0,,,0.6666666666666666,1067500.9,,427000.36,,1000.0,1.0
2023-12-31,1077276.1,7499632.0,,,0.7433333333333333,1077276.1,,430910.44000000006,,1000.0,1.0
2024-03-31,1086044.9,7564231.0,909786405874365.5,609432600000000.0,0.7216666666666667,1086044.9,,434417.95999999996,609432600000000.0,1000.0,1.0
2024-06-30,1090755.5,7536709.0,,,0.9966666666666667,1090755.5,,436302.2,,1000.0,1.0
2024-09-30,1088576.1,7532992.0,,,0.93,1088576.1,,435430.44000000006,,1000.0,1.0
2024-12-31,1106155.4,7479920.0,,,1.0250000000000001,1106155.4,,442462.16,,1000.0,1.0
2025-03-31,1108914.3,7297669.0,,,1.366666666666667,1108914.3,,443565.72000000003,,1000.0,1.0
