date,L_real,L_asset,U,Y,spread,depth,turnover
1990-03-31,7192.124,2876.8496,5963144000000.0,5963144000000.0,8.423870967741935,297.97094071101964,10.0
1990-06-30,7303.613,2921.4452,,,8.674126984126984,302.58994925549564,1.0
1990-09-30,7384.432,2953.7728,,,8.701269841269841,305.93829439767114,1.0
1990-12-31,7458.077,2983.2308000000003,,,8.405967741935482,308.989419479589,1.0
1991-03-31,7468.526,2987.4104,6158129000000.0,6158129000000.0,8.022833333333333,309.42232335603626,10.0
1991-06-30,7538.276,3015.3104000000003,,,8.12546875,312.31207791457746,1.0
1991-09-30,7540.773,3016.3092,,,7.95,312.4155290562646,1.0
1991-12-31,7581.419,3032.5676000000003,,,7.345,314.09949986323903,1.0
1992-03-31,7615.218,3046.0872,6520327000000.0,6520327000000.0,7.3069354838709675,315.49979827648826,10.0
1992-06-30,7656.355,3062.542,,,7.376031746031746,317.20411129834787,1.0
1992-09-30,7711.512,3084.6048,,,6.61875,319.4892753440175,1.0
1992-12-31,7773.848,3109.5392,,,6.740322580645161,322.07186660080924,1.0
1993-03-31,7812.554,3125.0216,6858559000000.0,6858559000000.0,6.258196721311475,323.675462872392,10.0
1993-06-30,7919.946,3167.9784,,,5.988095238095238,328.1247319985692,1.0
1993-09-30,8028.094,3211.2376000000004,,,5.6153125,332.60532233544535,1.0
1993-12-31,8151.103,3260.4412,,,5.615967741935484,337.70160647152557,1.0
1994-03-31,8260.279,3304.1116,7287236000000.0,7287236000000.0,6.090322580645162,342.2247870261248,10.0
1994-06-30,8399.652,3359.8608000000004,,,7.089516129032258,347.9990345112512,1.0
1994-09-30,8528.83,3411.532,,,7.32796875,353.35090138384237,1.0
1994-12-31,8699.19,3479.6760000000004,,,7.837213114754098,360.4089456360729,1.0
1995-03-31,8807.641,3523.0564,7639749000000.0,7639749000000.0,7.4712903225806455,364.90208931533243,10.0
1995-06-30,8978.958,3591.5832000000005,,,6.60015873015873,371.99978224301134,1.0
1995-09-30,9125.043,3650.0172000000002,,,6.329206349206349,378.0521090485238,1.0
1995-12-31,9279.97,3711.988,,,5.898548387096774,384.4707614426616,1.0
1996-03-31,9410.866,3764.3464000000004,8073122000000.0,8073122000000.0,5.910483870967742,389.8938053522646,10.0
1996-06-30,9590.932,3836.3728000000006,,,6.7140625,397.3539708624909,1.0
1996-09-30,9739.846,3895.9384,,,6.7759375,403.52350362708734,1.0
1996-12-31,9877.376,3950.9504,,,6.354193548387096,409.22139530359163,1.0
1997-03-31,10009.716,4003.8864000000003,8577552000000.0,8577552000000.0,6.566999999999999,414.7042643828367,10.0
1997-06-30,10206.773,4082.7092,,,6.6996875000000005,422.8683699605063,1.0
1997-09-30,10437.733,4175.0932,,,6.2421875,432.43708268940486,1.0
1997-12-31,10642.672,4257.0688,,,5.906290322580645,440.92774088973283,1.0
1998-03-31,10867.157,4346.8628,9062817000000.0,9062817000000.0,5.590983606557377,450.22819324921846,10.0
1998-06-30,11192.516,4477.0064,,,5.593015873015873,463.70787286803437,1.0
1998-09-30,11437.292,4574.9168,,,5.20734375,473.848984865475,1.0
1998-12-31,11726.858,4690.7432,,,4.661935483870968,485.84575430631435,1.0
1999-03-31,11996.079,4798.4316,9631172000000.0,9631172000000.0,5.000819672131148,496.99962687986306,10.0
1999-06-30,12265.22,4906.088,,,5.54125,508.1501850395812,1.0
1999-09-30,12616.408,5046.5632000000005,,,5.88296875,522.6999645937742,1.0
1999-12-31,12900.875,5160.35,,,6.14483870967742,534.4854815830867,1.0
2000-03-31,13184.822,5273.928800000001,10250952000000.0,10250952000000.0,6.468412698412698,546.2494548825003,10.0
2000-06-30,13514.042,5405.6168,,,6.184920634920634,559.8890963988148,1.0
2000-09-30,13782.955,5513.182000000001,,,5.88984126984127,571.0302084791158,1.0
2000-12-31,14015.065,5606.026000000001,,,5.570645161290322,580.646565906829,1.0
2001-03-31,14130.7,5652.280000000001,10581929000000.0,10581929000000.0,5.0441935483870965,585.4373439480751,10.0
2001-06-30,14471.316,5788.526400000001,,,5.276190476190476,599.5491237145563,1.0
2001-09-30,14780.642,5912.2568,,,4.995737704918033,612.3645533715502,1.0
2001-12-31,14963.76,5985.504000000001,,,4.762096774193548,619.9511637694133,1.0
2002-03-31,15137.544,6055.0176,10929108000000.0,10929108000000.0,5.079166666666667,627.1510649335928,10.0
2002-06-30,15366.315,6146.526000000001,,,5.10609375,636.6290870140521,1.0
2002-09-30,15614.423,6245.769200000001,,,4.27234375,646.9082443475365,1.0
2002-12-31,15914.764,6365.9056,,,4.004838709677419,659.3514239011828,1.0
2003-03-31,16107.287,6442.9148000000005,11456450000000.0,11456450000000.0,3.92,667.327685075004,10.0
2003-06-30,16531.904,6612.7616,,,3.6206349206349207,684.9196407937723,1.0
2003-09-30,16827.159,6730.863600000001,,,4.22765625,697.1521064881391,1.0
2003-12-31,17106.15,6842.460000000001,,,4.285161290322581,708.710751850748,1.0
2004-03-31,17427.098,6970.839200000001,12217196000000.0,12217196000000.0,4.01,722.00768297698,10.0
2004-06-30,17834.911,7133.964400000001,,,4.597096774193548,738.903446070634,1.0
2004-09-30,18213.249,7285.2996,,,4.30140625,754.5780548185818,1.0
2004-12-31,18722.489,7488.995600000001,,,4.175806451612903,775.67595605717,1.0
2005-03-31,19053.396,7621.358400000001,13039197000000.0,13039197000000.0,4.303606557377049,789.3854902751369,10.0
2005-06-30,19555.889,7822.3556,,,4.15859375,810.2038621372882,1.0
2005-09-30,20032.131,8012.852400000001,,,4.21515625,829.9346505311058,1.0
2005-12-31,20516.356,8206.5424,,,4.488196721311475,849.996175995043,1.0
2006-03-31,21066.104,8426.4416,13815583000000.0,13815583000000.0,4.577096774193548,872.7723306767479,10.0
2006-06-30,21654.759,8661.9036,,,5.072698412698412,897.1604090947847,1.0
2006-09-30,22127.75,8851.1,,,4.893492063492064,916.7565079965619,1.0
2006-12-31,22638.445,9055.378,,,4.630645161290323,937.9146901366939,1.0
2007-03-31,23040.77,9216.308,14474228000000.0,14474228000000.0,4.679032258064517,954.5830844415698,10.0
2007-06-30,23667.942,9467.1768,,,4.84609375,980.5669288285146,1.0
2007-09-30,24209.672,9683.8688,,,4.738412698412698,1003.0108963840491,1.0
2007-12-31,24691.754,9876.7016,,,4.266612903225807,1022.9836369874995,1.0
2008-03-31,25019.452,10007.7808,14769862000000.0,14769862000000.0,3.6652459016393446,1036.560221780687,10.0
2008-06-30,25185.003,10074.0012,,,3.8815625000000002,1043.4190283315265,1.0
2008-09-30,25446.401,10178.560400000002,,,3.8621875,1054.248792662617,1.0
2008-12-31,25207.749,10083.099600000001,,,3.234677419354839,1044.3613990439076,1.0
2009-03-31,25034.338,10013.735200000001,14478067000000.0,14478067000000.0,2.7362295081967214,1037.176951334213,10.0
2009-06-30,24918.064,9967.2256,,,3.320793650793651,1032.3596994124953,1.0
2009-09-30,24706.479,9882.5916,,,3.5178125,1023.5936962831914,1.0
2009-12-31,24496.837,9798.7348,,,3.4640322580645164,1014.908191979798,1.0
2010-03-31,24354.291,9741.716400000001,15048971000000.0,15048971000000.0,3.7178688524590164,1009.0024865561161,10.0
2010-06-30,24225.042,9690.016800000001,,,3.4925,1003.6476781412503,1.0
2010-09-30,24202.396,9680.958400000001,,,2.78453125,1002.7094504461575,1.0
2010-12-31,24132.744,9653.0976,,,2.8783870967741936,999.8237560445586,1.0
2011-03-31,24119.468,9647.7872,15599732000000.0,15599732000000.0,3.4574193548387098,999.2737290693731,10.0
2011-06-30,24141.252,9656.5008,,,3.2014285714285715,1000.1762439554414,1.0
2011-09-30,24212.817,9685.1268,,,2.41421875,1003.1411942777639,1.0
2011-12-31,24297.678,9719.0712,,,2.0467213114754097,1006.6570001787297,1.0
2012-03-31,24325.586,9730.2344,16253970000000.0,16253970000000.0,2.04,1007.8132334435293,10.0
2012-06-30,24413.324,9765.329600000001,,,1.82578125,1011.4482339518776,1.0
2012-09-30,24600.398,9840.159200000002,,,1.6412698412698414,1019.198742113663,1.0
2012-12-31,24771.864,9908.745600000002,,,1.7070491803278687,1026.3026081371015,1.0
2013-03-31,24798.351,9919.340400000001,16880683000000.0,16880683000000.0,1.951,1027.3999691262352,10.0
2013-06-30,25005.818,10002.3272,,,1.98625,1035.9953628036096,1.0
2013-09-30,25246.05,10098.42,,,2.7065625,1045.948216095473,1.0
2013-12-31,25547.692,10219.0768,,,2.7441935483870967,1058.4452963040392,1.0
2014-03-31,25734.833,10293.9332,17608138000000.0,17608138000000.0,2.7654098360655737,1066.1985802874078,10.0
2014-06-30,25987.645,10395.058,,,2.620952380952381,1076.6726251541306,1.0
2014-09-30,26171.783,10468.7132,,,2.49953125,1084.3014943283335,1.0
2014-12-31,26475.225,10590.09,,,2.2759677419354842,1096.873148848088,1.0
2015-03-31,26681.199,10672.4796,18295019000000.0,18295019000000.0,1.9688524590163934,1105.4066872773492,10.0
2015-06-30,27099.891,10839.956400000001,,,2.164375,1122.7531692217897,1.0
2015-09-30,27387.669,10955.067600000002,,,2.223125,1134.6758615135154,1.0
2015-12-31,27540.487,11016.194800000001,,,2.190483870967742,1141.0071376730446,1.0
2016-03-31,27836.28,11134.512,18804913000000.0,18804913000000.0,1.9142622950819672,1153.261892800422,10.0
2016-06-30,28122.297,11248.9188,,,1.75015625,1165.111626557702,1.0
2016-09-30,28468.772,11387.508800000001,,,1.564375,1179.4661457071008,1.0
2016-12-31,28627.659,11451.063600000001,,,2.138688524590164,1186.0488615858526,1.0
2017-03-31,28967.373,11586.949200000001,19612102000000.0,19612102000000.0,2.4466129032258066,1200.123271336394,10.0
2017-06-30,29367.143,11746.8572,,,2.260952380952381,1216.6858115495556,1.0
2017-09-30,29687.918,11875.167200000002,,,2.2414285714285715,1229.975575255879,1.0
2017-12-31,30187.233,12074.8932,,,2.371451612903226,1250.6622820286102,1.0
2018-03-31,30415.088,12166.0352,20656516000000.0,20656516000000.0,2.7585245901639346,1260.1023540707092,10.0
2018-06-30,30984.47,12393.788,,,2.920625,1283.6919487667853,1.0
2018-09-30,31299.582,12519.8328,,,2.9238095238095236,1296.7470934040762,1.0
2018-12-31,31651.481,12660.592400000001,,,3.0411475409836064,1311.3263298111885,1.0
2019-03-31,31932.836,12773.1344,21539982000000.0,21539982000000.0,2.652950819672131,1322.9829161024913,10.0
2019-06-30,32292.796,12917.1184,,,2.338888888888889,1337.896121133208,1.0
2019-09-30,32667.255,13066.902000000002,,,1.79796875,1353.4100222405455,1.0
2019-12-31,32944.37,13177.748000000001,,,1.7919354838709676,1364.8909445988272,1.0
2020-03-31,33858.543,13543.4172,21354105000000.0,21354105000000.0,1.365,1402.7652900331682,10.0
2020-06-30,34524.966,13809.986400000002,,,0.6876190476190476,1430.3753101359166,1.0
2020-09-30,34741.024,13896.409599999999,,,0.650625,1439.326630428523,1.0
2020-12-31,35078.256,14031.3024,,,0.864516129032258,1453.2982104899706,1.0
2021-03-31,35521.518,14208.607199999999,23681171000000.0,23681171000000.0,1.3359016393442622,1471.6626317821297,10.0
2021-06-30,36501.184,14600.473600000001,,,1.59078125,1512.250363529052,1.0
2021-09-30,37020.106,14808.0424,,,1.32484375,1533.7493917014867,1.0
2021-12-31,37789.75,15115.900000000001,,,1.5333870967741934,1565.6358756793202,1.0
2022-03-31,38500.396,15400.1584,26006893000000.0,26006893000000.0,1.9511290322580646,1595.0780623174433,10.0
2022-06-30,39161.661,15664.664400000001,,,2.9325806451612904,1622.4743855884647,1.0
2022-09-30,39631.13,15852.452,,,3.10109375,1641.9245674213505,1.0
2022-12-31,39978.418,15991.3672,,,3.82672131147541,1656.3127693013025,1.0
2023-03-31,40258.212,16103.284800000001,27720709000000.0,27720709000000.0,3.646290322580645,1667.904683092736,10.0
2023-06-30,40466.661,16186.664400000001,,,3.5957142857142856,1676.5407611998808,1.0
2023-09-30,40677.593,16271.0372,,,4.14968253968254,1685.2797104262925,1.0
2023-12-31,40901.485,16360.594000000001,,,4.4470967741935485,1694.5555946932589,1.0
2024-03-31,41167.637,16467.0548,29184890000000.0,29184890000000.0,4.15639344262295,1705.582318066232,10.0
2024-06-30,41498.171,16599.2684,,,4.448730158730158,1719.2763988297136,1.0
2024-09-30,41842.393,16736.9572,,,3.9546875,1733.5375757996085,1.0
2024-12-31,41754.849,16701.9396,,,4.275483870967742,1729.9106127447994,1.0
2025-03-31,41955.413,16782.1652,,,4.453606557377049,1738.2200139387674,1.0
2025-06-30,42258.354,16903.3416,,,4.361774193548388,1750.7709119419076,1.0
2025-09-30,42687.286,17074.9144,,,4.26109375,1768.5416388566632,1.0
2025-12-31,43143.826,17257.5304,,,4.1,1787.4561699843534,1.0
