date,hy_oas,usjp_10y_spread,usd_jpy_return,vix,E_p,E_T
1990-01-01,,,,,,
1990-02-01,,,,,,
1990-03-01,,,,,,
1990-04-01,,,,,,
1990-05-01,,,,,,
1990-06-01,,,,,,
1990-07-01,,,,,,
1990-08-01,,-2.0836425793400304,,2.0199082345509245,-2.0836425793400304,2.0199082345509245
1990-09-01,,-1.9900824971356053,-1.6827430355363542,1.7160238381902566,-1.8364127663359797,1.7160238381902566
1990-10-01,,-1.1807164816692384,-1.436595160767136,1.5102825822105825,-1.3086558212181871,1.5102825822105825
1990-11-01,,-0.6722118745037025,0.24255115844853203,0.4315754963560802,-0.2148303580275852,0.4315754963560802
1990-12-01,,0.07981552964338796,1.1731557682639386,0.0765577721170203,0.6264856489536633,0.0765577721170203
1991-01-01,,0.17191079187416383,0.15250936661930817,0.9744322553104754,0.162210079246736,0.9744322553104754
1991-02-01,,-0.1262764081829109,-0.4683261749275557,-0.4113374589668945,-0.29730129155523327,-0.4113374589668945
1991-03-01,,-0.19284330714496836,1.5262077184294143,-1.2463479136933906,0.6666822056422229,-1.2463479136933906
1991-04-01,,-0.5125528206685802,0.049531398313719374,-1.2272478199983619,-0.2315107111774304,-1.2272478199983619
1991-05-01,,-0.4057375129276296,0.3263573400574472,-1.2294828256299426,-0.0396900864350912,-1.2294828256299426
1991-06-01,,-0.050944370784444463,0.3983903572495132,-1.106802066722302,0.17372299323253437,-1.106802066722302
1991-07-01,,0.11110994952067464,-0.34215881546756843,-1.011511742870545,-0.11552443297344689,-1.011511742870545
1991-08-01,,-0.2504410766171277,-0.13824429461262275,-1.2876938367259743,-0.19434268561487522,-1.2876938367259743
1991-09-01,,0.017501843746625976,-0.4798639765248211,-0.9533648332609,-0.23118106638909755,-0.9533648332609
1991-10-01,,0.2538988521397836,-0.7146691530004119,-1.0348287557212152,-0.23038515043031416,-1.0348287557212152
1991-11-01,,-0.25435275844869265,-0.12365735769092788,-0.6937630236579758,-0.18900505806981027,-0.6937630236579758
1991-12-01,,-0.6517016384052073,-0.23940187178730546,-0.5475036038879827,-0.4455517550962564,-0.5475036038879827
1992-01-01,,0.09437358057215818,-0.5003543019979697,-0.6803074960339459,-0.20299036071290577,-0.6803074960339459
1992-02-01,,0.7034104216141033,0.8008123921958944,-0.7070813480470515,0.7521114069049988,-0.7070813480470515
1992-03-01,,1.5087187955078039,1.4745958017489214,-0.6778192604840464,1.4916572986283625,-0.6778192604840464
1992-04-01,,0.6467832771575791,0.283545812860491,-0.876915183842372,0.46516454500903504,-0.876915183842372
1992-05-01,,0.22607276681964866,-0.6092800999301425,-1.1803573440163022,-0.19160366655524694,-1.1803573440163022
1992-06-01,,0.11173247787231298,-0.917689301017203,-1.1069282065777712,-0.402978411572445,-1.1069282065777712
1992-07-01,,-0.5553157227290159,-0.10210579331324988,-1.411634975435915,-0.32871075802113287,-1.411634975435915
1992-08-01,,-0.40983748039897594,0.2643221304467018,-1.1750809325961384,-0.07275767497613708,-1.1750809325961384
1992-09-01,,-0.6923052340936111,-0.8783245498071098,-1.287007153766133,-0.7853148919503605,-1.287007153766133
1992-10-01,,-0.011420879049238546,-0.23444902471935358,-0.38276067210445214,-0.12293495188429607,-0.38276067210445214
1992-11-01,,1.5622376045788873,0.9953994870608146,-1.0882914218413107,1.2788185458198509,-1.0882914218413107
1992-12-01,,1.2064961696234782,0.21685235685148285,-1.5260181331770701,0.7116742632374805,-1.5260181331770701
1993-01-01,,1.0099207717270924,0.4484272473170823,-1.415740641007471,0.7291740095220873,-1.415740641007471
1993-02-01,,0.887456651501064,-1.1202090380381635,-1.0914383037692448,-0.11637619326854975,-1.0914383037692448
1993-03-01,,0.16509002805401282,-0.9807704469577226,-1.0853626612188905,-0.4078402094518549,-1.0853626612188905
1993-04-01,,-0.8770076339026338,-1.2657480129023542,-1.2148138136412006,-1.071377823402494,-1.2148138136412006
1993-05-01,,-1.8465663959820697,-0.44652971303062033,-1.0206580585724778,-1.1465480545063451,-1.0206580585724778
1993-06-01,,-1.6432623091230116,-0.7493507617051203,-1.2198655400622378,-1.1963065354140658,-1.2198655400622378
1993-07-01,,-1.0368263996592484,0.3737563667809901,-1.3925074724730457,-0.33153501643912914,-1.3925074724730457
1993-08-01,,-1.072479025353955,-1.1296667568168701,-1.2615299950123344,-1.1010728910854124,-1.2615299950123344
1993-09-01,,-0.79516535587214,0.9435411230277925,-1.0233000403672647,0.07418788357782624,-1.0233000403672647
1993-10-01,,-0.5744710577973006,0.7867209747614187,-1.2145898533744661,0.10612495848205905,-1.2145898533744661
1993-11-01,,1.404211681107321,0.5609900627181454,-0.7337256578548852,0.9826008719127333,-0.7337256578548852
1993-12-01,,2.643222636444121,0.958910153802938,-1.2785773208228435,1.8010663951235295,-1.2785773208228435
1994-01-01,,1.8085230252164073,0.7554934520066797,-1.258000745575325,1.2820082386115434,-1.258000745575325
1994-02-01,,1.0638581762633985,-1.5755685581442622,-0.7509781342546302,-0.25585519094043185,-0.7509781342546302
1994-03-01,,1.3424238102889574,-0.19271871654913553,-0.4126028075423918,0.5748525468699109,-0.4126028075423918
1994-04-01,,3.5185567491993437,-0.34757456247779256,-0.14548314545373575,1.5854910933607755,-0.14548314545373575
1994-05-01,,3.746240672411861,0.35744654988735836,-0.6890361774962293,2.05184361114961,-0.6890361774962293
1994-06-01,,2.6138689682519543,-0.2140361979931463,-0.7826228091904358,1.199916385129404,-0.7826228091904358
1994-07-01,,2.3339032503447656,-1.3261421186563267,-0.9655638651897861,0.5038805658442195,-0.9655638651897861
1994-08-01,,1.5995332217850713,0.8676656669459869,-1.0734635709703646,1.2335994443655292,-1.0734635709703646
1994-09-01,,2.2456578220108567,-0.19571476924883957,-0.7713257482810847,1.0249715263810086,-0.7713257482810847
1994-10-01,,2.570329454152365,0.10241982049576141,-0.33086433132039594,1.3363746373240633,-0.33086433132039594
1994-11-01,,2.7072235629716532,0.14669278543173084,-0.08079713809428754,1.4269581742016921,-0.08079713809428754
1994-12-01,,2.558852728373951,1.1321027211643335,-0.5619557187745344,1.8454777247691423,-0.5619557187745344
1995-01-01,,2.2922783248994327,0.08466573634259737,-0.9689083759737994,1.188472030621015,-0.9689083759737994
1995-02-01,,1.846296559396651,-0.37436499797997874,-1.1264564781966373,0.7359657807083361,-1.1264564781966373
1995-03-01,,1.9929094131506913,-2.873250810759434,-0.9571346771256951,-0.4401706988043713,-0.9571346771256951
1995-04-01,,2.529085099123447,-2.5719474070703603,-0.8833360186169056,-0.02143115397345663,-0.8833360186169056
1995-05-01,,2.0217844135133984,0.9298411777791733,-0.9095429671343156,1.4758127956462859,-0.9095429671343156
1995-06-01,,1.8044290914458234,0.09887178208971369,-0.9768648048410115,0.9516504367677685,-0.9768648048410115
1995-07-01,,2.023260197087428,1.466328511040069,-0.8288872405210016,1.7447943540637487,-0.8288872405210016
1995-08-01,,1.854838352855593,3.0028071828994536,-0.7565840083936698,2.428822767877523,-0.7565840083936698
1995-09-01,,1.656491510273196,2.1745515445894394,-0.9101264766104182,1.9155215274313178,-0.9101264766104182
1995-10-01,,1.5499184445268368,0.27595265505696653,-0.3916065272879001,0.9129355497919016,-0.3916065272879001
1995-11-01,,1.1969845137781492,0.5389734785498281,-0.8075793106330408,0.8679789961639887,-0.8075793106330408
1995-12-01,,0.9690036830607576,0.13952986877659934,-0.9573545216137911,0.5542667759186785,-0.9573545216137911
1996-01-01,,0.6884380787524464,1.4230390436550036,-0.5623012153125936,1.0557385612037251,-0.5623012153125936
1996-02-01,,0.6845090119648773,0.15914907927040867,-0.20672343343338728,0.421829045617643,-0.20672343343338728
1996-03-01,,1.2728003941286472,0.19496886923470094,0.4138520737543292,0.7338846316816741,0.4138520737543292
1996-04-01,,1.5723600832502127,0.5468664217354792,0.14005088140310493,1.0596132524928459,0.14005088140310493
1996-05-01,,1.7181747434407857,-0.1372507271709075,0.040570168395362226,0.790462008134939,0.040570168395362226
1996-06-01,,2.069455100309643,0.9738997256081792,0.09782603138949225,1.521677412958911,0.09782603138949225
1996-07-01,,1.8936587133060476,0.2011023548894219,0.4653160537219803,1.0473805340977347,0.4653160537219803
1996-08-01,,1.6626458788985572,-0.29771340746045344,-0.05673591087972732,0.6824662357190519,-0.05673591087972732
1996-09-01,,2.1989562503985933,0.7904031460471876,0.13615348382014347,1.4946796982228905,0.13615348382014347
1996-10-01,,1.925434456973789,0.8985105808472118,0.088805552903487,1.4119725189105004,0.088805552903487
1996-11-01,,1.5338156426591734,0.07380681731302141,-0.0034718465834360397,0.8038112299860973,-0.0034718465834360397
1996-12-01,,1.8078135202615346,0.6340406836377565,0.7767853065016326,1.2209271019496455,0.7767853065016326
1997-01-01,,2.0372315681033757,1.290644116522725,0.8199775894744541,1.6639378423130502,0.8199775894744541
1997-02-01,,1.8553958210878714,1.5437108336693954,0.9702969989252233,1.6995533273786334,0.9702969989252233
1997-03-01,,2.1730112333262226,0.01418578978632657,0.9667663561926018,1.0935985115562745,0.9667663561926018
1997-04-01,,2.451921093438859,0.8755141144098537,0.8354501625145536,1.6637176039243564,0.8354501625145536
1997-05-01,,1.8166849046269191,-1.7652198862322066,0.890117922246162,0.025732509197356257,0.890117922246162
1997-06-01,,1.6021620074697296,-1.370598126365641,0.9455592746734285,0.11578194055204427,0.9455592746734285
1997-07-01,,1.472887124624591,0.4208603104833867,1.0155041799710953,0.9468737175539887,1.0155041799710953
1997-08-01,,1.6848849901394234,0.8464153049295181,1.6051185647962447,1.2656501475344708,1.6051185647962447
1997-09-01,,1.7057730010492629,0.938347269983984,1.7415337009768754,1.3220601355166235,1.7415337009768754
1997-10-01,,1.7082517347252777,0.11798269276640964,1.7181778469956053,0.9131172137458436,1.7181778469956053
1997-11-01,,1.5720999042339974,1.2857620609976517,3.427909870187255,1.4289309826158245,3.427909870187255
1997-12-01,,1.4798461310793678,1.2357084283209014,2.054513784351193,1.3577772797001346,2.054513784351193
1998-01-01,,1.1822973831577968,-0.009389369547084043,1.5033840468528687,0.5864540068053563,1.5033840468528687
1998-02-01,,1.146052453342178,-0.9676366928705731,0.6612342755038509,0.0892078802358025,0.6612342755038509
1998-03-01,,1.350622653610127,0.9346331258069571,0.6906921944331752,1.142627889708542,0.6906921944331752
1998-04-01,,1.3102276441483915,0.7572396593901645,1.0857059544609602,1.033733651769278,1.0857059544609602
1998-05-01,,1.5168352111507573,0.8586430994261299,0.8276354716631974,1.1877391552884435,0.8276354716631974
1998-06-01,,1.4523896416304116,1.4005781402162454,0.9896752275627605,1.4264838909233286,0.9896752275627605
1998-07-01,,1.256550379368463,0.125073916650562,0.6081816691423135,0.6908121480095124,0.6081816691423135
1998-08-01,,1.3013483280497575,0.9649737725906632,2.99973628094871,1.1331610503202103,2.99973628094871
1998-09-01,,1.151629649439648,-2.492710094817303,4.014028488335388,-0.6705402226888275,4.014028488335388
1998-10-01,,1.0874810685439893,-3.379371984401457,3.4694372822303694,-1.1459454579287338,3.4694372822303694
1998-11-01,,1.2712498310899976,-0.14856231279752755,1.5424646865197462,0.561343759146235,1.5424646865197462
1998-12-01,,0.5755649104203957,-0.8252397870727879,1.3879286577552077,-0.12483743832619609,1.3879286577552077
1999-01-01,,0.2291155368251457,-1.0032717943314815,1.8141249306499116,-0.3870781287531679,1.8141249306499116
1999-02-01,,0.29786765280396255,1.0303013413695494,1.913328200414925,0.664084497086756,1.913328200414925
1999-03-01,,0.8313877943168912,0.8388642876683989,1.2763282593146317,0.8351260409926451,1.2763282593146317
1999-04-01,,1.029036355358717,0.13944037668309112,0.9452045846817271,0.5842383660209041,0.9452045846817271
1999-05-01,,1.5938015667250907,0.6610193507486674,1.4073993412763601,1.127410458736879,1.4073993412763601
1999-06-01,,1.6293234244643657,-0.2953619690664355,0.9464165737281981,0.6669807276989651,0.9464165737281981
1999-07-01,,1.4319538388785265,-0.3306148904524338,0.4906846870023507,0.5506694742130464,0.4906846870023507
1999-08-01,,1.386567176190687,-1.6671087900040682,1.0584213340202213,-0.14027080690669058,1.0584213340202213
1999-09-01,,1.4605778823034383,-1.8060492036899458,1.0865430304201604,-0.17273566069325375,1.0865430304201604
1999-10-01,,1.691410626570416,-0.19331974412404898,0.9866023714866222,0.7490454412231835,0.9866023714866222
1999-11-01,,1.473499367813564,-0.3217558416791839,0.5950908909298137,0.57587176306719,0.5950908909298137
1999-12-01,,1.7267804398811106,-0.5637494413564273,0.6514166985572394,0.5815154992623417,0.6514166985572394
2000-01-01,,2.120730147045042,0.9530821946068763,0.8302008382564569,1.536906170825959,0.8302008382564569
2000-02-01,,1.8526101311897043,1.3364927781313292,0.893299855663648,1.5945514546605168,0.893299855663648
2000-03-01,,1.5621409262932973,-0.8606907139870319,0.7330428504127775,0.3507251061531327,0.7330428504127775
2000-04-01,,1.371633723144053,-0.1276933737778466,1.5031329929251143,0.6219701746831032,1.5031329929251143
2000-05-01,,1.7910289161878423,0.9146428585925948,1.3478174536598821,1.3528358873902184,1.3478174536598821
2000-06-01,,1.4934298863538342,-0.598747694444286,0.4936341351125661,0.4473410959547741,0.4936341351125661
2000-07-01,,1.4139203779318703,0.727043146846853,0.20168511653704665,1.0704817623893617,0.20168511653704665
2000-08-01,,1.140068467580806,0.03688338949616259,-0.11797829684105386,0.5884759285384843,-0.11797829684105386
2000-09-01,,0.9929016520087823,-0.3086937875597442,0.1661271659326219,0.34210393222451907,0.1661271659326219
2000-10-01,,0.9858589335365552,0.5786111604774627,1.1414612723215034,0.782235047007009,1.1414612723215034
2000-11-01,,1.0049960371701998,0.2505295616769293,1.3382015756418306,0.6277627994235646,1.3382015756418306
2000-12-01,,0.6944311269665969,1.0444106993202034,1.3498205123007645,0.8694209131434001,1.3498205123007645
2001-01-01,,0.7235192443970783,1.369929447828862,1.0552957968550143,1.04672434611297,1.0552957968550143
2001-02-01,,0.7474714525890687,-0.07108698129449739,0.7832440204109252,0.3381922356472856,0.7832440204109252
2001-03-01,,0.772629887263406,1.5369578170324243,1.6628170562548112,1.154793852147915,1.6628170562548112
2001-04-01,,0.867454288914677,0.6626168119464315,1.5781522135803958,0.7650355504305543,1.5781522135803958
2001-05-01,,1.1471239591720195,-0.5082597976853915,0.6640784185260228,0.319432080743314,0.6640784185260228
2001-06-01,,1.1293729299219661,0.20405421583425776,0.3105915913468496,0.666713572878112,0.3105915913468496
2001-07-01,,0.9387710074998302,0.6291737142153035,0.5506450753669084,0.7839723608575668,0.5506450753669084
2001-08-01,,0.6578513857174056,-0.8236953803443592,0.4682336402200201,-0.08292199731347677,0.4682336402200201
2001-09-01,,0.4333308228209557,-0.7342366853861046,2.7243183531915145,-0.15045293128257448,2.7243183531915145
2001-10-01,,0.2647931193365907,0.8511365395527999,2.2676993891090214,0.5579648294446953,2.2676993891090214
2001-11-01,,0.37385849730971993,0.30816585677543246,1.2180469993587535,0.3410121770425762,1.2180469993587535
2001-12-01,,0.7680251887866929,1.4467176592935274,0.7185278672649863,1.1073714240401102,0.7185278672649863
2002-01-01,,0.6370596367583214,1.351059838454237,0.4662991170846271,0.9940597376062792,0.4662991170846271
2002-02-01,,0.4444850464005935,0.26497120195529417,0.5702383185132402,0.35472812417794386,0.5702383185132402
2002-03-01,,0.8611714853185901,-0.6432909253923798,-0.09644173648394788,0.10894027996310518,-0.09644173648394788
2002-04-01,,0.8135529765845426,-0.051692801963060905,0.06082235778330343,0.38093008731074085,0.06082235778330343
2002-05-01,,0.7929608796343687,-1.140241956383342,0.09282915085271407,-0.17364053837448662,0.09282915085271407
2002-06-01,,0.6021460214656909,-0.8104757697534969,0.9839152212089901,-0.10416487414390302,0.9839152212089901
2002-07-01,,0.37451050196792307,-1.480781843104055,2.4456795414109007,-0.5531356705680659,2.4456795414109007
2002-08-01,,0.04073021800964092,0.36124566173155864,2.341831899631071,0.2009879398705998,2.341831899631071
2002-09-01,,-0.20499781559362498,0.6372023052447122,2.902867518225973,0.21610224482554363,2.902867518225973
2002-10-01,,-0.10538973887783858,0.829320356787185,2.4518968328628814,0.3619653089546732,2.4518968328628814
2002-11-01,,0.10642087939443888,-0.6059484022439914,1.3038794983655029,-0.24976376142477624,1.3038794983655029
2002-12-01,,0.09464811723468528,0.1195367770126962,1.2982500291294097,0.10709244712369073,1.2982500291294097
2003-01-01,,0.2420797133470805,-0.8408213156884008,1.1635876388480397,-0.2993708011706602,1.1635876388480397
2003-02-01,,0.10955778133780408,0.19582766537931892,1.9016551655763978,0.1526927233585615,1.9016551655763978
2003-03-01,,0.11736267575506044,-0.14619853660143922,1.6314111487380358,-0.014417930423189389,1.6314111487380358
2003-04-01,,0.32106772845690895,0.3949711702691239,0.5815717293291653,0.35801944936301644,0.5815717293291653
2003-05-01,,0.027509167692572327,-0.6982514459471024,-0.01130656454834567,-0.33537113912726507,-0.01130656454834567
2003-06-01,,-0.15314508083793638,0.3299661444380821,0.008141403941224886,0.08841053180007286,0.008141403941224886
2003-07-01,,0.05503600176527441,0.15221161475026215,-0.1822332565273617,0.10362380825776828,-0.1822332565273617
2003-08-01,,0.0741130403206969,0.033371041431336707,-0.1637108857760681,0.053742040876016806,-0.1637108857760681
2003-09-01,,-0.10658968067294956,-1.1156639985669672,-0.12205318614894063,-0.6111268396199584,-0.12205318614894063
2003-10-01,,-0.10707795448189973,-1.5990381646962002,-0.3628723920902998,-0.85305805958905,-0.3628723920902998
2003-11-01,,0.004713717026124838,-0.042090499314019,-0.46130161190766034,-0.018688391143947082,-0.46130161190766034
2003-12-01,,-0.024125051601966097,-0.40543055239433257,-0.5518005997430412,-0.21477780199814933,-0.5518005997430412
2004-01-01,,-0.13982569524195593,-0.41993006960007584,-0.6661258752740434,-0.27987788242101586,-0.6661258752740434
2004-02-01,,-0.08719940200021016,0.2105255757363549,-0.6797834231347726,0.06166308686807236,-0.6797834231347726
2004-03-01,,-0.5481145311166085,0.6569058688925279,-0.4046497116984507,0.054395668887959714,-0.4046497116984507
2004-04-01,,-0.12929018182378776,-0.2210586717362939,-0.7245567321302984,-0.17517442678004083,-0.7245567321302984
2004-05-01,,0.2533054669892356,1.517609788740753,-0.3967716097115269,0.8854576278649943,-0.3967716097115269
2004-06-01,,-0.03143414095424559,-0.8271592933852805,-0.7784413098741457,-0.42929671716976303,-0.7784413098741457
2004-07-01,,-0.26895698630472586,0.07484831438904652,-0.7490092591316339,-0.09705433595783967,-0.7490092591316339
2004-08-01,,-0.2648483582050128,0.2983985421262581,-0.5537462061337017,0.016775091960622657,-0.5537462061337017
2004-09-01,,-0.22434626135358204,0.009782093401469006,-0.9747550110908683,-0.10728208397605651,-0.9747550110908683
2004-10-01,,-0.3437560072164707,-0.3705910269167578,-0.824557796627881,-0.35717351706661427,-0.824557796627881
2004-11-01,,-0.21288913146887017,-1.3048791603854413,-1.0473139475690432,-0.7588841459271557,-1.0473139475690432
2004-12-01,,-0.11878340071140715,-0.23899880669518872,-1.2220476310235246,-0.17889110370329794,-1.2220476310235246
2005-01-01,,-0.03929488373497866,-0.09545179419292706,-1.055653253981352,-0.06737333896395285,-1.055653253981352
2005-02-01,,-0.20820917995584406,0.6195684219595874,-1.3283999863600775,0.20567962100187165,-1.3283999863600775
2005-03-01,,0.2297836500794143,0.1703257948973879,-1.0903620997804724,0.2000547224884011,-1.0903620997804724
2005-04-01,,0.13785015831887082,0.7208373191298555,-0.8686858319669196,0.42934373872436316,-0.8686858319669196
2005-05-01,,-0.04573676015825031,-0.14260391531322084,-0.9440806305410395,-0.09417033773573558,-0.9440806305410395
2005-06-01,,-0.0984541066403811,0.7828783005315402,-1.2778325297591977,0.3422120969455795,-1.2778325297591977
2005-07-01,,-0.06986581939983337,1.1058019331990308,-1.400278424702091,0.5179680568995987,-1.400278424702091
2005-08-01,,-0.05397241532461306,-0.3879456281070767,-1.0845334958372361,-0.2209590217158449,-1.0845334958372361
2005-09-01,,-0.20866199318857476,0.2595192988647324,-1.1302069029190793,0.025428652838078825,-1.1302069029190793
2005-10-01,,0.002413569865979184,1.2153426211482514,-0.7519097038931093,0.6088780955071154,-0.7519097038931093
2005-11-01,,0.13914003325705532,1.1575895447255944,-1.1979502781605065,0.6483647889913249,-1.1979502781605065
2005-12-01,,0.03177316544988192,0.041195337893511604,-1.3324042605550608,0.03648425167169676,-1.3324042605550608
2006-01-01,,-0.08431982405873024,-0.8891859794631318,-1.1989623305129213,-0.48675290176093106,-1.1989623305129213
2006-02-01,,0.02355638731100075,0.7863949292994754,-1.1219283835587728,0.4049756583052381,-1.1219283835587728
2006-03-01,,0.01710695386471236,-0.1416055309371578,-1.2395376705299093,-0.06224928853622272,-1.2395376705299093
2006-04-01,,0.09095616951338456,-0.025037893502255174,-1.207103484634992,0.032959138005564693,-1.207103484634992
2006-05-01,,0.33164854324014004,-1.6590159849258217,-0.7830994844556055,-0.6636837208428408,-0.7830994844556055
2006-06-01,,0.27141523395165956,0.979390011315844,-0.3839084968764727,0.6254026226337518,-0.3839084968764727
2006-07-01,,0.22273820781494014,0.4051407235532542,-0.6394786507588294,0.31393946568409714,-0.6394786507588294
2006-08-01,,0.27359570309590087,0.09123578080517154,-0.9549864790675199,0.1824157419505362,-0.9549864790675199
2006-09-01,,0.14666049401691444,0.44676928472799204,-1.137731914285199,0.29671488937245327,-1.137731914285199
2006-10-01,,0.06019800058492569,0.4732896373837234,-1.2717155913343314,0.26674381898432453,-1.2717155913343314
2006-11-01,,-0.054176831384858556,-0.36519420821964327,-1.3414476248634197,-0.20968551980225092,-1.3414476248634197
2006-12-01,,-0.03860914924028437,0.03913911615522598,-1.3089373934346522,0.0002649834574708042,-1.3089373934346522
2007-01-01,,0.10796889814516954,1.008194225226612,-1.287930653695605,0.5580815616858908,-1.287930653695605
2007-02-01,,0.13826822886029566,0.05128436451662684,-1.2617703117409977,0.09477629668846124,-1.2617703117409977
2007-03-01,,-0.022411392238205208,-0.9761117975488651,-0.6157554277081939,-0.49926159489353517,-0.6157554277081939
2007-04-01,,0.09267315714879615,0.562776870285572,-0.9700269926057387,0.3277250137171841,-0.9700269926057387
2007-05-01,,0.06238566353866463,0.6053645291833821,-0.9073400143339818,0.33387509636102336,-0.9073400143339818
2007-06-01,,0.2669721669922679,0.6173251297875797,-0.6395218852183655,0.4421486483899238,-0.6395218852183655
2007-07-01,,0.2612654193894134,-0.358882862394896,-0.2638419742276412,-0.04880872150274129,-0.2638419742276412
2007-08-01,,0.15309824625196344,-1.4290963032894999,0.9844083061150306,-0.6379990285187682,0.9844083061150306
2007-09-01,,-0.15039078834828018,-0.5044233057141726,0.5259275724988621,-0.32740704703122636,0.5259275724988621
2007-10-01,,-0.05236361639274378,0.30637312132019834,0.02672178403355101,0.12700475246372728,0.02672178403355101
2007-11-01,,-0.3411778491551481,-1.5313720202890266,1.07066454201508,-0.9362749347220873,1.07066454201508
2007-12-01,,-0.42924155059960883,0.5048866865899045,0.4317722737037456,0.037822567995147854,0.4317722737037456
2008-01-01,,-0.7131148479021604,-1.5173809789803336,1.1029983877421434,-1.115247913441247,1.1029983877421434
2008-02-01,,-0.7181976715705737,-0.22194893448848643,1.0394962278087188,-0.47007330302953004,1.0394962278087188
2008-03-01,,-0.7641472406486127,-2.1764334332065993,1.2990037145245237,-1.4702903369276061,1.2990037145245237
2008-04-01,,-0.9728515047525738,0.7591230236833504,0.3995680788568586,-0.10686424053461169,0.3995680788568586
2008-05-01,,-0.9385548717412067,0.6588652170426393,-0.12962143016772018,-0.13984482734928366,-0.12962143016772018
2008-06-01,,-0.49240428244529344,0.9499137320695694,0.4888595921337823,0.228754724812138,0.4888595921337823
2008-07-01,,-0.5221397005892823,0.029086235013925068,0.8462374015896482,-0.24652673278767862,0.8462374015896482
2008-08-01,,-0.5386032874710113,0.9120269544888925,0.25386868337042406,0.1867118335089406,0.25386868337042406
2008-09-01,,-0.8168247672191175,-0.910803636300133,1.7973422939387254,-0.8638142017596252,1.7973422939387254
2008-10-01,,-0.6759991458223387,-2.3010520337038605,6.2057324979230595,-1.4885255897630996,6.2057324979230595
2008-11-01,,-0.8740935383319656,-1.0583941037003315,5.898712752365484,-0.9662438210161486,5.898712752365484
2008-12-01,,-1.9243588228566761,-2.138438668757486,4.297798280939833,-2.0313987458070812,4.297798280939833
2009-01-01,,-1.8575901173388507,-0.3902054446252436,3.2010117172143144,-1.1238977809820472,3.2010117172143144
2009-02-01,,-1.4593686733324809,1.1899353355368776,3.231754646735494,-0.13471666889780165,3.231754646735494
2009-03-01,,-1.555211517565075,1.947523876035653,3.0628185123742124,0.19615617923528905,3.0628185123742124
2009-04-01,,-1.5126103515936766,0.4550479287290917,2.201620038820855,-0.5287812114322925,2.201620038820855
2009-05-01,,-1.1886505504228086,-0.7854816471968749,1.4452667682674225,-0.9870660988098418,1.4452667682674225
2009-06-01,,-0.5818060970734543,0.05236982200408215,1.0927888584817231,-0.2647181375346861,1.0927888584817231
2009-07-01,,-0.7814266211046286,-0.7943456789670293,0.7260973337742679,-0.787886150035829,0.7260973337742679
2009-08-01,,-0.6719025598075233,0.2716015616650335,0.6231457746448508,-0.2001504990712449,0.6231457746448508
2009-09-01,,-0.8125588802232828,-1.3529506190211538,0.5712039427028641,-1.0827547496222183,0.5712039427028641
2009-10-01,,-0.9865658694788432,-0.2933857193210717,0.48711393283987237,-0.6399757943999574,0.48711393283987237
2009-11-01,,-0.7993156879614611,-0.37505148145687445,0.4290635810145427,-0.5871835847091678,0.4290635810145427
2009-12-01,,-0.6103086647566498,0.3543256246607844,0.11469592465747765,-0.1279915200479327,0.11469592465747765
2010-01-01,,-0.48971029263731314,0.5397697360019607,0.040976528486529724,0.025029721682323758,0.040976528486529724
2010-02-01,,-0.5208005976903536,-0.3190896718558295,0.27504653476858504,-0.41994513477309153,0.27504653476858504
2010-03-01,,-0.5524446973982544,0.3076557894409024,-0.3158495037954571,-0.12239445397867602,-0.3158495037954571
2010-04-01,,-0.3341816292584261,1.1658048018034892,-0.3576304596482989,0.41581158627253156,-0.3576304596482989
2010-05-01,,-0.7774622009001343,-0.5219791227643753,1.4379178730171969,-0.6497206618322549,1.4379178730171969
2010-06-01,,-0.8183119098150823,-0.4028898656549561,1.1822070546950962,-0.6106008877350192,1.1822070546950962
2010-07-01,,-1.0246583941404628,-1.2975182762266932,0.6406735884698933,-1.1610883351835781,0.6406735884698933
2010-08-01,,-1.3100952205197554,-0.8329965195570378,0.5375236071697151,-1.0715458700383966,0.5375236071697151
2010-09-01,,-1.221036979736525,-0.3632706658321214,0.25984911784253695,-0.7921538227843232,0.25984911784253695
2010-10-01,,-1.3395607720491707,-1.0895404682514782,-0.007305634015509253,-1.2145506201503244,-0.007305634015509253
2010-11-01,,-1.3707496457634916,0.4412103531339685,-0.041881413447889954,-0.46476964631476153,-0.041881413447889954
2010-12-01,,-0.748204321054535,0.4501630829756406,-0.35709076575886706,-0.14902061903944722,-0.35709076575886706
2011-01-01,,-0.7202480908953752,-0.23712910164395173,-0.38804034484375444,-0.4786885962696635,-0.38804034484375444
2011-02-01,,-0.5463645678720437,0.04333010331576305,-0.37282921971698885,-0.2515172322781403,-0.37282921971698885
2011-03-01,,-0.6953975931775661,-0.32126555630418974,0.04119895843176404,-0.5083315747408779,0.04119895843176404
2011-04-01,,-0.649161674243822,0.777480968877507,-0.5218376097564947,0.06415964731684248,-0.5218376097564947
2011-05-01,,-0.8587194487900817,-0.8512950024745888,-0.4366183160247231,-0.8550072256323352,-0.4366183160247231
2011-06-01,,-1.0032651275685012,-0.23930528644204177,-0.15304261679453243,-0.6212852070052715,-0.15304261679453243
2011-07-01,,-0.9885539697810241,-0.46958088840671675,-0.14335057495352813,-0.7290674290938703,-0.14335057495352813
2011-08-01,,-1.70280881491327,-1.0047546198464994,1.8451200797066616,-1.3537817173798847,1.8451200797066616
2011-09-01,,-1.996317200546636,0.008807272735548545,2.014785447592766,-0.9937549639055437,2.014785447592766
2011-10-01,,-1.853954449005088,0.017061154350334246,1.5403084159412357,-0.9184466473273769,1.5403084159412357
2011-11-01,,-2.0140990082738592,0.5398042570520237,1.4210397731779456,-0.7371473756109177,1.4210397731779456
2011-12-01,,-1.9353180314872445,0.20533933605388116,0.558405985704819,-0.8649893477166817,0.558405985704819
2012-01-01,,-1.9177223795972194,-0.31733187046746075,-0.04436748773632601,-1.11752712503234,-0.04436748773632601
2012-02-01,,-1.9031464184836184,0.8238083984509696,-0.27033695892610327,-0.5396690100163244,-0.27033695892610327
2012-03-01,,-1.673165234795717,1.9559901534512945,-0.5518521984870499,0.14141245932778868,-0.5518521984870499
2012-04-01,,-1.7333278136246701,-0.4786871749195163,-0.3430049491626573,-1.1060074942720932,-0.3430049491626573
2012-05-01,,-1.9119245407343872,-0.6615589397115944,0.057134365174153455,-1.2867417402229908,0.057134365174153455
2012-06-01,,-2.0249831746609765,-0.08271510634570227,0.07328707846870815,-1.0538491405033394,0.07328707846870815
2012-07-01,,-2.0960500222355574,-0.09716185768813204,-0.37654243263412024,-1.0966059399618446,-0.37654243263412024
2012-08-01,,-1.939746697616303,-0.03196800620324436,-0.6124072138268786,-0.9858573519097736,-0.6124072138268786
2012-09-01,,-1.8325124562975144,-0.18356809843188265,-0.6619578909789893,-1.0080402773646986,-0.6619578909789893
2012-10-01,,-1.7974978443464875,0.5116420507905842,-0.5349283056843701,-0.6429278967779517,-0.5349283056843701
2012-11-01,,-1.8299731740100171,1.0437643020321143,-0.4797776336562809,-0.3931044359889514,-0.4797776336562809
2012-12-01,,-1.8187261415218081,1.353037776048469,-0.40196254455972663,-0.2328441827366695,-0.40196254455972663
2013-01-01,,-1.5997709658879204,2.371599257195725,-0.8834201084151617,0.38591414565390225,-0.8834201084151617
2013-02-01,,-1.4112568003281063,1.6927450202684422,-0.8086943929186629,0.14074410997016795,-0.8086943929186629
2013-03-01,,-1.2508237992267144,0.7678418096295375,-0.9382816482808184,-0.24149099479858843,-0.9382816482808184
2013-04-01,,-1.5450499041055719,1.2225951892735964,-0.8164859412735953,-0.1612273574159877,-0.8164859412735953
2013-05-01,,-1.657853981197758,1.2460215266479255,-0.8741754353275385,-0.2059162272749162,-0.8741754353275385
2013-06-01,,-1.2141877388805173,-1.343813721630957,-0.39103289007595343,-1.2790007302557371,-0.39103289007595343
2013-07-01,,-0.8904031389313496,0.9804332207595331,-0.8102252306671273,0.04501504091409175,-0.8102252306671273
2013-08-01,,-0.6466587687595535,-0.6564588997060852,-0.7778923735635436,-0.6515588342328194,-0.7778923735635436
2013-09-01,,-0.5317098011927394,0.5846569877551064,-0.7142800706489314,0.02647359328118354,-0.7142800706489314
2013-10-01,,-0.6474334052090787,-0.499225284053623,-0.6210414475923404,-0.5733293446313508,-0.6210414475923404
2013-11-01,,-0.5564600723924172,0.9273234518571589,-0.9365921844025142,0.18543168973237084,-0.9365921844025142
2013-12-01,,-0.45239159459290007,1.2979956422636332,-0.7717018118374666,0.4228020238353666,-0.7717018118374666
2014-01-01,,-0.4205075817586442,0.15361927624997512,-0.7633663866376716,-0.13344415275433455,-0.7633663866376716
2014-02-01,,-0.5434234259666983,-0.5547120941982165,-0.6040187148657551,-0.5490677600824574,-0.6040187148657551
2014-03-01,,-0.5474930811634229,0.1247773237874206,-0.6837547568717579,-0.21135787868800116,-0.6837547568717579
2014-04-01,,-0.5700207177661181,0.08915857156489222,-0.7638906073441695,-0.24043107310061293,-0.7638906073441695
2014-05-01,,-0.6738849212357314,-0.20847991389481038,-0.9825530546710485,-0.4411824175652709,-0.9825530546710485
2014-06-01,,-0.6006188215085271,0.15344573317006127,-1.0987247132537894,-0.2235865441692329,-1.0987247132537894
2014-07-01,,-0.6480026413729677,-0.0748168440315662,-0.9980938760218212,-0.36140974270226695,-0.9980938760218212
2014-08-01,,-0.732357520919095,0.493041316571127,-0.8416669617877703,-0.11965810217398401,-0.8416669617877703
2014-09-01,,-0.62174938365635,1.6594997244517733,-0.842483719495817,0.5188751703977117,-0.842483719495817
2014-10-01,,-0.8250972724476795,0.25015836898711036,-0.24999929562208947,-0.2874694517302846,-0.24999929562208947
2014-11-01,,-0.7540981603397692,2.8062622732469378,-0.8474345652240802,1.0260820564535842,-0.8474345652240802
2014-12-01,,-0.7813807011078987,0.9910105174002233,-0.47450685985571817,0.10481490814616229,-0.47450685985571817
2015-01-01,,-1.0591675680919739,-0.31511547518208816,-0.10859896166095746,-0.687141521637031,-0.10859896166095746
2015-02-01,,-1.0154394255085086,0.18757982789176705,-0.5240977591863213,-0.4139297988083708,-0.5240977591863213
2015-03-01,,-1.0146601135960929,0.5401689648223758,-0.6641075750262748,-0.23724557438685856,-0.6641075750262748
2015-04-01,,-1.0605435246047283,-0.2552718423356436,-0.8329107859849241,-0.657907683470186,-0.8329107859849241
2015-05-01,,-0.8373662562868549,0.42943475541151854,-0.8507964447313175,-0.20396575043766818,-0.8507964447313175
2015-06-01,,-0.7303760986217018,0.9259275434468333,-0.7189020083104853,0.09777572241256571,-0.7189020083104853
2015-07-01,,-0.7224302827785064,-0.10531624939279376,-0.7154193358587475,-0.41387326608565006,-0.7154193358587475
2015-08-01,,-0.8526961473584984,-0.07451466755568685,-0.054638848182350486,-0.4636054074570926,-0.054638848182350486
2015-09-01,,-0.8132944767317607,-0.8711977976613684,0.5893647090855517,-0.8422461371965646,0.5893647090855517
2015-10-01,,-0.8659355588938661,-0.008311038950286858,-0.40025594434567346,-0.43712329892207646,-0.40025594434567346
2015-11-01,,-0.6629777778459575,0.8364893514495935,-0.4750649030783454,0.086755786801818,-0.4750649030783454
2015-12-01,,-0.6514978509242538,-0.29379224244128876,-0.2370827665772946,-0.4726450466827713,-0.2370827665772946
2016-01-01,,-0.6317619442488658,-1.0609417751017953,0.5079649033057978,-0.8463518596753306,0.5079649033057978
2016-02-01,,-0.7821668777335004,-1.155340510085334,0.34975776147491267,-0.9687536939094172,0.34975776147491267
2016-03-01,,-0.6816048937167665,-0.5352410007422628,-0.5253576371270358,-0.6084229472295146,-0.5253576371270358
2016-04-01,,-0.7309826355216321,-1.126855834214441,-0.727318301366448,-0.9289192348680366,-0.727318301366448
2016-05-01,,-0.6916868198020152,-0.21189671365511129,-0.6531216154637989,-0.45179176672856325,-0.6531216154637989
2016-06-01,,-0.7445046265101619,-1.2100681569250935,-0.26767501400736404,-0.9772863917176278,-0.26767501400736404
2016-07-01,,-0.9255696553714374,-0.3840788501176948,-0.8743982656588806,-0.6548242527445661,-0.8743982656588806
2016-08-01,,-0.9985271125757467,-1.0573540693273442,-0.9716221147923284,-1.0279405909515456,-0.9716221147923284
2016-09-01,,-0.9025803918447538,0.24857491857996522,-0.7295975535566633,-0.3270027366323943,-0.7295975535566633
2016-10-01,,-0.7965657356986033,0.8315966703145047,-0.6797311792151719,0.017515467307950672,-0.6797311792151719
2016-11-01,,-0.4725788477540135,1.6684595004719347,-0.5924131178208322,0.5979403263589607,-0.5924131178208322
2016-12-01,,-0.12533447756985552,2.579158941658105,-0.9554057205188605,1.2269122320441246,-0.9554057205188605
2017-01-01,,-0.23494924046047674,-0.342988928815509,-1.066243636236333,-0.28896908463799287,-1.066243636236333
2017-02-01,,-0.21197959706248323,-0.624816923775294,-1.0730054457728626,-0.4183982604188886,-1.0730054457728626
2017-03-01,,-0.1612270103401443,0.030842396947208164,-1.021199551562452,-0.06519230669646807,-1.021199551562452
2017-04-01,,-0.3029160503423002,-0.9324522252380936,-0.8550689812182204,-0.6176841377901969,-0.8550689812182204
2017-05-01,,-0.322224369917812,0.7671902288113945,-1.1519755155336893,0.22248292944679127,-1.1519755155336893
2017-06-01,,-0.4824210136713796,-0.42332409004288496,-1.1936892220562858,-0.45287255185713227,-1.1936892220562858
2017-07-01,,-0.34247728163323404,0.5431932628121607,-1.221999279914995,0.10035799058946335,-1.221999279914995
2017-08-01,,-0.38847037465963496,-0.8580736811106779,-0.9929532464517989,-0.6232720278851565,-0.9929532464517989
2017-09-01,,-0.4485121432528863,0.35999247425875674,-1.1917435610304707,-0.044259834497064776,-1.1917435610304707
2017-10-01,,-0.28488513134727006,0.760400305599604,-1.228368988056428,0.23775758712616699,-1.228368988056428
2017-11-01,,-0.2595528320214819,-0.0037353107324231464,-1.1694616093938777,-0.13164407137695253,-1.1694616093938777
2017-12-01,,-0.2173286763277596,0.06991655032304335,-1.2014574864884884,-0.07370606300235813,-1.2014574864884884
2018-01-01,,-0.06055316133410364,-0.6796398714295209,-1.092749353689077,-0.37009651638181223,-1.092749353689077
2018-02-01,,0.2716378241127702,-0.9847453255878919,0.40854176020763555,-0.3565537507375608,0.40854176020763555
2018-03-01,,0.25344714682447456,-0.6553181120978281,-0.045213885124973104,-0.20093548263667677,-0.045213885124973104
2018-04-01,,0.2763103759742538,0.6133138409005292,-0.14487667136791196,0.4448121084373915,-0.14487667136791196
2018-05-01,,0.4141752359024416,0.7515104260048675,-0.6913974571070841,0.5828428309536545,-0.6913974571070841
2018-06-01,,0.34315445938349654,0.16296428128022483,-0.748782385653631,0.25305937033186066,-0.748782385653631
2018-07-01,,0.2851238379401801,0.5372337980561347,-0.8170563102902891,0.41117881799815736,-0.8170563102902891
2018-08-01,,0.23080539753306215,-0.1520868737032836,-0.8943103324336972,0.03935926191488927,-0.8943103324336972
2018-09-01,,0.338600480927897,0.4108459284446798,-0.8440119952276417,0.3747232046862884,-0.8440119952276417
2018-10-01,,0.49278654723561227,0.24353491056433849,0.01025238482925124,0.36816072889997536,0.01025238482925124
2018-11-01,,0.50243287575183,0.23915274772799658,0.015127737728031623,0.3707928117399133,0.015127737728031623
2018-12-01,,0.29625467190993765,-0.3635690538121585,0.7534621188234859,-0.033657190951110416,0.7534621188234859
2019-01-01,,0.15590004314777836,-1.105832006140748,0.03731092705371019,-0.47496598149648483,0.03731092705371019
2019-02-01,,0.13120727576997807,0.5546621053253404,-0.5397909809022327,0.34293469054765924,-0.5397909809022327
2019-03-01,,0.10339170052219479,0.27703005671912095,-0.6384976279184209,0.19021087862065789,-0.6384976279184209
2019-04-01,,0.00663213308800538,0.20297860176689553,-0.8415647739469414,0.10480536742745046,-0.8415647739469414
2019-05-01,,-0.08882637251615456,-0.5574693665605865,-0.3370726093004945,-0.32314786953837055,-0.3370726093004945
2019-06-01,,-0.3631986110482206,-0.649148976264355,-0.4547701168054068,-0.5061737936562878,-0.4547701168054068
2019-07-01,,-0.3844115798629448,0.11099980899301513,-0.7917191085063617,-0.1367058854349648,-0.7917191085063617
2019-08-01,,-0.7262542608453663,-0.7312010575976242,-0.0316591860405266,-0.7287276592214953,-0.0316591860405266
2019-09-01,,-0.7157928051279404,0.5282428172269749,-0.4896280404039059,-0.09377499395048278,-0.4896280404039059
2019-10-01,,-0.7774703875912903,0.24929852583765175,-0.501169592442111,-0.26408593087681925,-0.501169592442111
2019-11-01,,-0.737058740552319,0.29245841135251505,-0.8945731965622554,-0.22230016459990198,-0.8945731965622554
2019-12-01,,-0.7401391784329681,0.1188638714784895,-0.7271935279641886,-0.31063765347723926,-0.7271935279641886
2020-01-01,,-0.8101388627972369,0.09071288063844976,-0.7009430870615804,-0.3597129910793936,-0.7009430870615804
2020-02-01,,-0.9875257503247765,0.30445988759638515,0.0649017598619753,-0.3415329313641957,0.0649017598619753
2020-03-01,,-1.851453544702272,-0.8237377355067484,5.012747607530329,-1.3375956401045102,5.012747607530329
2020-04-01,,-2.021041924981761,0.05848609605734183,2.8551520725825337,-0.9812779144622095,2.8551520725825337
2020-05-01,,-2.0324372018241004,-0.16545051932353408,1.4871019035674369,-1.0989438605738173,1.4871019035674369
2020-06-01,,-1.9919504806759518,0.1718712487004645,1.5089537256666932,-0.9100396159877436,1.5089537256666932
2020-07-01,,-2.0690864655148045,-0.29859246938897577,0.956486407852318,-1.1838394674518902,0.956486407852318
2020-08-01,,-2.0635088655439753,-0.21592181392309348,0.4479105843760876,-1.1397153397335344,0.4479105843760876
2020-09-01,,-1.9860891500550528,-0.1250245700345346,1.0571239509279515,-1.0555568600447938,1.0571239509279515
2020-10-01,,-1.8859238737959974,-0.10877443381641852,1.2829377748191795,-0.9973491538062079,1.2829377748191795
2020-11-01,,-1.776827056308836,-0.27023080476773165,0.7103590460287202,-1.0235289305382838,0.7103590460287202
2020-12-01,,-1.6896802713345502,-0.19829099502573325,0.37259884449052005,-0.9439856331801417,0.37259884449052005
2021-01-01,,-1.563144010105517,0.03325770088728565,0.6977729042537506,-0.7649431546091157,0.6977729042537506
2021-02-01,,-1.4702272125266769,0.6420557707212328,0.46898038150862603,-0.41408572090272205,0.46898038150862603
2021-03-01,,-1.0623011127715893,1.2713151436543886,0.30116484819883066,0.10450701544139962,0.30116484819883066
2021-04-01,,-1.0023989236579367,0.15738171322516536,-0.2702108995702517,-0.42250860521638567,-0.2702108995702517
2021-05-01,,-1.0039428940238782,0.05507850207511407,0.032904869887419044,-0.474432195974382,0.032904869887419044
2021-06-01,,-1.076863783375773,0.393591071124636,-0.32965619742420743,-0.34163635612556853,-0.32965619742420743
2021-07-01,,-1.247556913672462,0.06816636394773407,-0.24549669545645425,-0.589695274862364,-0.24549669545645425
2021-08-01,,-1.285697472588357,-0.10273030580412794,-0.2620804225129865,-0.6942138891962425,-0.2620804225129865
2021-09-01,,-1.2324560921651877,0.14196905523882788,0.04353774780056111,-0.5452435184631799,0.04353774780056111
2021-10-01,,-1.0421951266518183,1.0941310256885903,-0.21036674039098419,0.02596794951838599,-0.21036674039098419
2021-11-01,,-1.0162936024306992,0.3249028541115915,-0.12823395576765054,-0.34569537415955387,-0.12823395576765054
2021-12-01,,-1.1336123271704277,-0.02134015850357678,0.24378081153859635,-0.5774762428370023,0.24378081153859635
2022-01-01,,-0.9216822050142108,0.37542390169240547,0.4815864088710062,-0.2731291516609027,0.4815864088710062
2022-02-01,,-0.7512909639985056,0.18265146440260085,0.8155223226258104,-0.2843197497979524,0.8155223226258104
2022-03-01,,-0.5777425209501791,1.1629894967172778,0.9726921552355428,0.29262348788354936,0.9726921552355428
2022-04-01,,0.07096384422673033,2.571046802873538,0.6320475636262626,1.321005323550134,0.6320475636262626
2022-05-01,,0.20870584502687814,0.7910761130573546,1.2744920423672403,0.4998909790421164,1.2744920423672403
2022-06-01,,0.4780374880658215,1.5684585278175873,1.1298408323928582,1.0232480079417043,1.1298408323928582
2022-07-01,,0.2633606701052099,0.8202284244455883,0.7050695415166423,0.5417945472753991,0.7050695415166423
2022-08-01,,0.22257924476869656,-0.41376993156254654,0.3348500251360927,-0.09559534339692499,0.3348500251360927
2022-09-01,,0.8590342167999103,2.2955926252844545,1.009809918256712,1.5773134210421824,1.009809918256712
2022-10-01,,1.342232503385763,1.0347723390310302,1.353876377677744,1.1885024212083966,1.353876377677744
2022-11-01,,1.2348161826144815,-1.2679989073381939,0.47553120762781764,-0.01659136236185621,0.47553120762781764
2022-12-01,,0.7722163940575789,-2.149649111913308,0.2767376994055368,-0.6887163589278646,0.2767376994055368
2023-01-01,,0.596481252585817,-1.3253332850137163,0.06483668179498828,-0.36442601621394966,0.06483668179498828
2023-02-01,,0.8127969280979092,0.7915847305895606,0.05838850967982348,0.8021908293437349,0.05838850967982348
2023-03-01,,0.9128751724101921,0.19229345040632498,0.2583786259999414,0.5525843114082586,0.2583786259999414
2023-04-01,,0.6270122996886762,-0.0483087882570562,-0.24493910032904476,0.28935175571581,-0.24493910032904476
2023-05-01,,0.6986865093217702,1.0582329372414774,-0.2685373508381965,0.8784597232816238,-0.2685373508381965
2023-06-01,,0.9194081177200565,1.2321314452418004,-0.7463732098498738,1.0757697814809284,-0.7463732098498738
2023-07-01,,0.8658131697358016,-0.1162397841082613,-0.7542465883869641,0.37478669281377014,-0.7542465883869641
2023-08-01,,1.1004999999677363,1.071249762709927,-0.4996910854805665,1.0858748813388317,-0.4996910854805665
2023-09-01,,1.1886434078454895,0.8320401418994812,-0.5886792058086199,1.0103417748724852,-0.5886792058086199
2023-10-01,,1.4322100962321158,0.4654398064330584,-0.09713775050430647,0.948824951332587,-0.09713775050430647
2023-11-01,,1.4213430354805612,0.01971062962588376,-0.7406406029570786,0.7205268325532225,-0.7406406029570786
2023-12-01,,0.9493184191544144,-1.545212788026448,-0.9109669812116846,-0.29794718443601675,-0.9109669812116846
2024-01-01,,0.8711499462205423,0.6343587229518768,-0.8204476357518204,0.7527543345862096,-0.8204476357518204
2024-02-01,,1.0482436523778926,0.891890869217851,-0.7405572613582425,0.9700672607978718,-0.7405572613582425
2024-03-01,,1.0307912816950566,0.0510867793515823,-0.7646847351297243,0.5409390305233195,-0.7646847351297243
2024-04-01,-0.40974916164055025,1.223988639793255,1.0644559560472995,-0.4520138361319851,0.6262318114000014,-0.4520138361319851
2024-05-01,-0.6276293296221668,0.9494594667354245,0.5034948843693247,-0.8593572288727269,0.27510834049419414,-0.8593572288727269
2024-06-01,-0.725689616830588,0.7814189809542896,0.499287714923346,-0.9094108667413308,0.18500569301568257,-0.9094108667413308
2024-07-01,-0.9601388677352858,0.7253033761397263,-0.09480417197045926,-0.6812639557803085,-0.10987988785533959,-0.6812639557803085
2024-08-01,-1.2438025115823532,0.4881167760703709,-2.9409500925088135,-0.024233124763380576,-1.2322119426735985,-0.024233124763380576
2024-09-01,-1.5546396109217224,0.3681659109408191,-0.9067740248853589,-0.24356281362972357,-0.6977492416220873,-0.24356281362972357
2024-10-01,-1.3526732924297729,0.6775401545102059,1.8709921518818817,0.06274057251648069,0.39861967132077164,0.06274057251648069
2024-11-01,-1.1161873888554956,0.8305569383173064,0.9902825668610118,-0.4633684054593219,0.2348840387742742,-0.4633684054593219
2024-12-01,-0.9736755138735244,0.8242605194792842,0.02059063334897739,-0.48257660878366193,-0.042941453681754234,-0.48257660878366193
2025-01-01,-0.7812305932864596,0.9102840273613304,0.6741361209039183,-0.36204900195281364,0.26772985165959634,-0.36204900195281364
2025-02-01,-0.9617415920680403,0.586528492579906,-1.2666204299193757,-0.3342444060152673,-0.5472778431358366,-0.3342444060152673
2025-03-01,-0.5273680648691301,0.28167070295295593,-0.6652982278095512,0.3185600374594812,-0.30366519657524177,0.3185600374594812
2025-04-01,0.5842735916235255,0.46627326151131665,-1.3306131170923072,1.6695894814216765,-0.09335542131915504,1.6695894814216765
2025-05-01,-0.3041554970000848,0.41736290829317974,0.20509331706713216,0.12912024378463804,0.10610024278674235,0.12912024378463804
2025-06-01,-0.7362608388789749,0.45915574322163416,-0.10737135014242287,-0.14670425770062198,-0.12815881526658787,-0.14670425770062198
2025-07-01,-1.0974019938324326,0.3338199888238511,0.7384145669474561,-0.4174936934435201,-0.008389146020375141,-0.4174936934435201
2025-08-01,-1.2857960766840664,0.13857197429660414,0.07318762154336511,-0.501564435894576,-0.35801216028136573,-0.501564435894576
2025-09-01,-1.5178568931337235,-0.0644147503670588,0.10171949053748426,-0.4955875545939935,-0.4935173843210994,-0.4955875545939935
2025-10-01,-1.311272372524223,-0.13799163943640114,0.9248808099252791,-0.18619780246084336,-0.17479440067844834,-0.18619780246084336
2025-11-01,-0.9800434655833228,-0.2644669616525779,0.9771812704627397,0.04048814543860784,-0.08910971892438697,0.04048814543860784
2025-12-01,-1.185828146072395,-0.4851985256985707,0.1915392177977579,-0.5280898746070155,-0.4931624846577359,-0.5280898746070155
2026-01-01,-1.2722866078069437,-0.6024163060804153,0.18057832680440866,-0.4423171415538289,-0.5647081956943167,-0.4423171415538289
2026-02-01,-1.1029453499011035,-0.5559808479260346,-0.40297949519551085,-0.03315442463936708,-0.6873018976742163,-0.03315442463936708
2026-03-01,-0.38207745922780806,-0.6787969157703734,0.903288934023467,0.8295921742022425,-0.052528480324904835,0.8295921742022425
2026-04-01,-0.6541030659946829,-0.7818819658280072,0.10078689356519087,0.0467241229972238,-0.4450660460858331,0.0467241229972238
2026-05-01,-0.5482592314492473,-0.7482359814105484,-0.2512738501876577,-0.3017145883789337,-0.5159230210158178,-0.3017145883789337
2026-06-01,-0.5096875043223172,-0.7830198244887883,0.6478379225607088,-0.21064419501847764,-0.21495646875013222,-0.21064419501847764
2026-07-01,-0.33565792034780484,-0.7718076705209871,0.3766761740574349,-0.3210168824881002,-0.24359647227045236,-0.3210168824881002
2026-08-01,-0.3154279375869333,-0.8407629689782018,-0.8778522407350713,-0.57311272242338,-0.6780143824334021,-0.57311272242338
2026-09-01,0.09526547366639732,,-0.8020249871982837,-0.4500267723408694,-0.35337975676594324,-0.4500267723408694
