date,hy_oas,usjp_10y_spread,usd_jpy_return,vix,E_p,E_T
1990-01-01,,-0.8362842227754793,,0.5246740110956407,-0.8362842227754793,0.5246740110956407
1990-02-01,,-0.9035698017024004,0.18831457175414548,0.5132479676071244,-0.3576276149741275,0.5132479676071244
1990-03-01,,-0.9095132781968026,2.023296637600773,0.08121886425035864,0.5568916797019852,0.08121886425035864
1990-04-01,,-0.7051406070421045,1.3099056976605283,0.2622764402564987,0.30238254530921194,0.2622764402564987
1990-05-01,,-0.3061319565114505,-1.1324557396796753,-0.18398289922899783,-0.7192938480955628,-0.18398289922899783
1990-06-01,,-0.5119235425484747,-0.09688879009145,-0.35614694482040377,-0.30440616631996237,-0.35614694482040377
1990-07-01,,-0.8989727676423617,-1.232422434403476,-0.14414215040194445,-1.0656976010229189,-0.14414215040194445
1990-08-01,,-1.5091079904510516,-0.4309682260397072,1.1764173626783005,-0.9700381082453794,1.1764173626783005
1990-09-01,,-1.8013025693218347,-2.5217421957121693,1.3022521181665823,-2.161522382517002,1.3022521181665823
1990-10-01,,-1.5231695007541861,-2.6387318453229307,1.3722172925142955,-2.0809506730385583,1.3722172925142955
1990-11-01,,-1.3160079279342256,-0.1222690492016097,0.7323543237932315,-0.7191384885679176,0.7323543237932315
1990-12-01,,-0.9833947082766662,1.4089798630861288,0.5267970978648182,0.2127925774047313,0.5267970978648182
1991-01-01,,-0.9415169150172683,-0.06338753147727007,1.0756947968533044,-0.5024522232472692,1.0756947968533044
1991-02-01,,-1.0644093402150592,-0.9605684665529846,0.28858960434111774,-1.0124889033840219,0.28858960434111774
1991-03-01,,-1.0931893633092589,2.031444555095453,-0.23170552348841042,0.46912759589309716,-0.23170552348841042
1991-04-01,,-1.2222616895017617,-0.08620333315837589,-0.28185351763473,-0.6542325113300688,-0.28185351763473
1991-05-01,,-1.1882077323258766,0.3143246389718352,-0.34131221934955985,-0.4369415466770207,-0.34131221934955985
1991-06-01,,-1.0608968177114364,0.43071404830555965,-0.3139452627295249,-0.3150913847029384,-0.3139452627295249
1991-07-01,,-1.0030638042317015,-0.5571756347087568,-0.2924689514806181,-0.7801197194702292,-0.2924689514806181
1991-08-01,,-1.128711163466861,-0.30078609224711667,-0.5101773866552493,-0.7147486278569888,-0.5101773866552493
1991-09-01,,-1.039368453979556,-0.7464789639608078,-0.33804168395079814,-0.8929237089701819,-0.33804168395079814
1991-10-01,,-0.9604963577618467,-1.0671359535509,-0.4180373417355612,-1.0138161556563734,-0.4180373417355612
1991-11-01,,-1.1240089155991082,-0.3555933437639589,-0.22775162155426937,-0.7398011296815336,-0.22775162155426937
1991-12-01,,-1.2540369951917394,-0.4992139263837776,-0.1502490198591164,-0.8766254607877585,-0.1502490198591164
1992-01-01,,-1.0238885352961555,-0.8171388709096375,-0.23994403025472036,-0.9205137031028965,-0.23994403025472036
1992-02-01,,-0.8338858875176306,0.697660235777728,-0.26772759501777976,-0.06811282586995132,-0.26772759501777976
1992-03-01,,-0.5632980469086442,1.5727966819993708,-0.26191122861788796,0.5047493175453633,-0.26191122861788796
1992-04-01,,-0.8224958183852987,0.19578036138578195,-0.3911810906536538,-0.3133577284997584,-0.3911810906536538
1992-05-01,,-0.9489493263056559,-0.8414171554426175,-0.5917628250453815,-0.8951832408741367,-0.5917628250453815
1992-06-01,,-0.982514002487634,-1.2242086400578065,-0.5747290421805348,-1.1033613212727202,-0.5747290421805348
1992-07-01,,-1.1819449356038763,-0.30741217469126586,-0.7909034551231011,-0.7446785551475711,-0.7909034551231011
1992-08-01,,-1.1419357297593022,0.1037041782875826,-0.6801967230688728,-0.5191157757358598,-0.6801967230688728
1992-09-01,,-1.2274853465890863,-1.170668043372937,-0.7780994828928004,-1.1990766949810117,-0.7780994828928004
1992-10-01,,-1.0339351050376997,-0.47463518590164216,-0.24620284096154466,-0.754285145469671,-0.24620284096154466
1992-11-01,,-0.5698801638582495,0.8762028665925595,-0.6798463816105405,0.15316135136715503,-0.6798463816105405
1992-12-01,,-0.6593928341118591,0.045043976757398345,-0.9813062945669798,-0.3071744286772304,-0.9813062945669798
1993-01-01,,-0.70783165250859,0.2980368953792926,-0.9519267007784752,-0.2048973785646487,-0.9519267007784752
1993-02-01,,-0.7369515971353976,-1.3796485254009145,-0.774736475557383,-1.0583000612681561,-0.774736475557383
1993-03-01,,-0.9444096496056724,-1.2609090084414398,-0.7903271963367949,-1.102659329023556,-0.7903271963367949
1993-04-01,,-1.2465533258944665,-1.6067335554507944,-0.8936157398879406,-1.4266434406726305,-0.8936157398879406
1993-05-01,,-1.5522817198916172,-0.7466423824517405,-0.7903389349417013,-1.1494620511716789,-0.7903389349417013
1993-06-01,,-1.515438861050467,-1.0794293759683367,-0.9363901236121234,-1.2974341185094018,-0.9363901236121234
1993-07-01,,-1.3415856743680556,0.09691002360988145,-1.0745719243294085,-0.6223378253790871,-1.0745719243294085
1993-08-01,,-1.3604346421809246,-1.4865519154120668,-1.0167728885723168,-1.4234932787964958,-1.0167728885723168
1993-09-01,,-1.2815625459632154,0.6822590595045408,-0.881402000973596,-0.2996517432293373,-0.881402000973596
1993-10-01,,-1.2180538729541677,0.5350642813908648,-1.023981332089467,-0.34149479578165143,-1.023981332089467
1993-11-01,,-0.6163361066480969,0.3109363775392945,-0.7258375369066855,-0.1526998645544012,-0.7258375369066855
1993-12-01,,-0.16844828482619345,0.7385141629260729,-1.0940262481790983,0.2850329390499397,-1.0940262481790983
1994-01-01,,-0.4102020239153371,0.5435855409035193,-1.1029206551779656,0.06669175849409109,-1.1029206551779656
1994-02-01,,-0.648458691479615,-1.8883172529264867,-0.7851807448173773,-1.2683879722030509,-0.7851807448173773
1994-03-01,,-0.5435608770761957,-0.4604152806120416,-0.5719891450808294,-0.5019880788441187,-0.5719891450808294
1994-04-01,,0.3708526776361765,-0.6229789393393094,-0.4035741448484583,-0.12606313085156642,-0.4035741448484583
1994-05-01,,0.7155519962309316,0.09677992705643551,-0.7510364087720695,0.40616596164368357,-0.7510364087720695
1994-06-01,,0.3108513768044988,-0.48067955783369026,-0.8169818330682022,-0.08491409051459572,-0.8169818330682022
1994-07-01,,0.250180533560108,-1.6252381377447183,-0.9417346570686369,-0.6875288020923052,-0.9417346570686369
1994-08-01,,-0.08233908451600802,0.5940322383026265,-1.0221059502103995,0.25584657689330925,-1.0221059502103995
1994-09-01,,0.30200238054327777,-0.4743337691312586,-0.8406466827015213,-0.0861656942939904,-0.8406466827015213
1994-10-01,,0.5655710622321618,-0.17698250402108615,-0.5690516989483407,0.19429427910553781,-0.5690516989483407
1994-11-01,,0.756097081259308,-0.13205516818758672,-0.41535143713677714,0.3120209565358606,-0.41535143713677714
1994-12-01,,0.7731147402092708,0.8530069913748802,-0.7132381009739935,0.8130608657920755,-0.7132381009739935
1995-01-01,,0.6888209445971802,-0.17262484425381774,-0.9701123151935699,0.25809805017168125,-0.9701123151935699
1995-02-01,,0.45198061675210593,-0.6221199143099388,-1.0786860258584507,-0.08506964877891646,-1.0786860258584507
1995-03-01,,0.5997824402495644,-3.2665661845853338,-0.9846598005595107,-1.3333918721678848,-0.9846598005595107
1995-04-01,,1.0581740165708566,-3.1325768965947822,-0.9473866408756613,-1.037201440011963,-0.9473866408756613
1995-05-01,,0.7665676945289054,0.6652231815342955,-0.9712431087246346,0.7158954380316005,-0.9712431087246346
1995-06-01,,0.6561859023036242,-0.2307351422480619,-1.021068150822098,0.21272538002778113,-1.021068150822098
1995-07-01,,0.8723502454114652,1.2726379245553292,-0.9377523353541969,1.0724940849833973,-0.9377523353541969
1995-08-01,,0.7951289407210216,3.2070597979596673,-0.8993788359157155,2.0010943693403442,-0.8993788359157155
1995-09-01,,0.6812860172910218,2.3637685179288597,-0.9994445734389134,1.5225272676099406,-0.9994445734389134
1995-10-01,,0.6298998633833779,0.10948162091121678,-0.6889216571354355,0.36969074214729736,-0.6889216571354355
1995-11-01,,0.3744812051072763,0.4259843937845091,-0.9438206351095341,0.4002327994458927,-0.9438206351095341
1995-12-01,,0.20873843337623685,-0.04206563171804107,-1.0410902089950076,0.08333640082909789,-1.0410902089950076
1996-01-01,,-0.0023676762184088192,1.4912805793258799,-0.8082072259007915,0.7444564515537355,-0.8082072259007915
1996-02-01,,-8.669482300696405e-05,0.007099927337554966,-0.5977025591279368,0.0035066162572740013,-0.5977025591279368
1996-03-01,,0.4682321033587287,0.05053202031632893,-0.22925262578400632,0.2593820618375288,-0.22925262578400632
1996-04-01,,0.727425215016394,0.464249660665183,-0.38950973690748053,0.5958374378407885,-0.38950973690748053
1996-05-01,,0.8764602057602787,-0.3265934467079924,-0.44740519691915887,0.27493337952614316,-0.44740519691915887
1996-06-01,,1.2114219741885892,0.9622600119336465,-0.4138407904815821,1.0868409930611178,-0.4138407904815821
1996-07-01,,1.1161100365756242,0.07767260287049367,-0.20005945222103633,0.596891319723059,-0.20005945222103633
1996-08-01,,0.9600293995194876,-0.4931357888861264,-0.49950059192007834,0.2334468053166806,-0.49950059192007834
1996-09-01,,1.4740680117175353,0.7489350109524875,-0.3891368964564112,1.1115015113350113,-0.3891368964564112
1996-10-01,,1.2906854952014228,0.8826611097009851,-0.4156309277297831,1.0866733024512039,-0.4156309277297831
1996-11-01,,0.9796521425382608,-0.04798574843538142,-0.4675683851374184,0.4658331970514397,-0.4675683851374184
1996-12-01,0.412736156216956,1.2602708566564034,0.5868061533064373,-0.026954539660631004,0.7532710553932654,-0.026954539660631004
1997-01-01,0.41701395591758766,1.5204052517499633,1.344468400735433,0.0017156053698820183,1.0939625361343281,0.0017156053698820183
1997-02-01,0.32948359281235406,1.4013814573280525,1.6641783085255135,0.09164052686693319,1.1316811195553067,0.09164052686693319
1997-03-01,0.3586219900039647,1.7609334584448466,-0.06773878229660626,0.09576139501033232,0.6839388887174017,0.09576139501033232
1997-04-01,0.498950273260456,2.1193317864812724,0.9120921103570444,0.027221281681678654,1.176791390032924,0.027221281681678654
1997-05-01,0.36962909769520536,1.5504424449568266,-2.1050373975270418,0.06265573426882061,-0.061655284958336644,0.06265573426882061
1997-06-01,0.2765673672115006,1.3726796701421533,-1.6816300767981687,0.09903981966628785,-0.010794346481504938,0.09903981966628785
1997-07-01,0.22105782347711292,1.2711142554451662,0.3716064815801378,0.1442364975435789,0.6212595201674723,0.1442364975435789
1997-08-01,0.18634183359890974,1.5177398352879217,0.8655835496933059,0.4892366365613902,0.8565550728600457,0.4892366365613902
1997-09-01,0.17487168934666664,1.5758664173639993,0.9812215581976158,0.5874608105672742,0.910653221636094,0.5874608105672742
1997-10-01,0.12331939988224556,1.615665931354043,0.0494641591797716,0.5953564198196819,0.5961498301386866,0.5953564198196819
1997-11-01,0.1688388948970582,1.506360557315356,1.3907640856751613,1.7205636538303963,1.0219878459625251,1.7205636538303963
1997-12-01,0.15327115129787242,1.4370783685782118,1.3529958451794906,0.9200835816326544,0.9811151216851917,0.9200835816326544
1998-01-01,0.0932174247313129,1.1430694193398665,-0.06402474623725059,0.5947665549231436,0.39075403261130964,0.5947665549231436
1998-02-01,0.07317601148183331,1.119643160384254,-1.1599495312810502,0.07267032351714724,0.010956546861679092,0.07267032351714724
1998-03-01,0.08351011002603316,1.3538027434153457,1.0032498000939012,0.094227372778268,0.81352088451176,0.094227372778268
1998-04-01,0.08196665482269108,1.330494328829443,0.8094902886941341,0.3466573054455193,0.7406504241154228,0.3466573054455193
1998-05-01,0.14619632871605912,1.5747131121640772,0.9324707291859121,0.19079714033120915,0.8844600566886828,0.19079714033120915
1998-06-01,0.18041872632111228,1.5304331822155497,1.5670180450838735,0.29727055541435965,1.0926233178735119,0.29727055541435965
1998-07-01,0.2060998315473128,1.3388307450018109,0.12285191928771524,0.0633628454691252,0.5559274986122796,0.0633628454691252
1998-08-01,0.3749880995179754,1.4050747317577452,1.080022624635536,1.6371352460005728,0.9533618186370857,1.6371352460005728
1998-09-01,0.7628576086378871,1.2584255683365282,-2.919523646594827,2.5303452576574825,-0.2994134898734706,2.5303452576574825
1998-10-01,0.9549007704491876,1.201734210509241,-4.1993993682339505,2.314816595025938,-0.6809214624251739,2.314816595025938
1998-11-01,0.8098663965569163,1.4163380047628333,-0.25732916746669426,0.9128798132308784,0.6562917446176851,0.9128798132308784
1998-12-01,0.7079043355605414,0.669983626331784,-1.0873116359332022,0.81245658183099,0.09685877531970773,0.81245658183099
1999-01-01,0.7459187753910635,0.2987326591343754,-1.3147281558107735,1.157524386992371,-0.09002557376177818,1.157524386992371
1999-02-01,0.7707394154123107,0.3739119714296549,1.1641535822570233,1.2638143653117724,0.7696016563663296,1.2638143653117724
1999-03-01,0.8296284822260076,0.9494311477297426,0.9398236872679757,0.7895716379933357,0.9062944390745753,0.7895716379933357
1999-04-01,0.7238638190590516,1.1700288021041083,0.09299188822891179,0.5423985422569831,0.6622948364640239,0.5423985422569831
1999-05-01,0.7217875975926279,1.7986080949756373,0.7274473058113979,0.910382425037077,1.082614332793221,0.910382425037077
1999-06-01,0.8443003337076054,1.86539495064386,-0.4252624150792933,0.5623495971151511,0.7614776230907241,0.5623495971151511
1999-07-01,0.8552809734073868,1.6731028602196616,-0.46945920167943084,0.2144275109886455,0.6863082106492059,0.2144275109886455
1999-08-01,0.9306789815088226,1.6431635232115798,-2.098660547744375,0.6564772012746453,0.1583939856586758,0.6564772012746453
1999-09-01,0.9997818997497954,1.74558168478366,-2.3069350864841995,0.6858778330823322,0.14614283268308537,0.6858778330823322
1999-10-01,1.0692138795062016,2.029499796000061,-0.34747896588144067,0.6156809757430486,0.9170782365416073,0.6156809757430486
1999-11-01,1.0437116120601282,1.8109869041214697,-0.5048022200856995,0.31824429176057134,0.7832987653652994,0.31824429176057134
1999-12-01,1.0090385432491558,2.1247138774142433,-0.8004489189310157,0.36427664651094904,0.7777678339107945,0.36427664651094904
2000-01-01,1.12339934238087,2.621529798626784,1.0328685845347871,0.505063070880925,1.5925992418474804,0.505063070880925
2000-02-01,1.1568382601872724,2.3561927156313516,1.5126069707831409,0.5581831927328635,1.675212648867255,0.5581831927328635
2000-03-01,1.25989787418854,2.0483605146608177,-1.1450719446332698,0.4397612117875409,0.7210621480720292,0.4397612117875409
2000-04-01,1.3475176561838358,1.8470752401667543,-0.26251021903110233,1.0399375460039961,0.9773608924398293,1.0399375460039961
2000-05-01,1.5117014686069932,2.3690608057710905,0.9966068735779198,0.9331534510498463,1.6257897159853345,0.9331534510498463
2000-06-01,1.4724787666695953,2.043786801022128,-0.822376469214499,0.2807031153080604,0.8979630328257415,0.2807031153080604
2000-07-01,1.4336573426464643,1.9702967957373887,0.7689247812104895,0.05836806908152198,1.390959639864781,0.05836806908152198
2000-08-01,1.4600817317512098,1.659305541393153,-0.05496558797228317,-0.1852021134203952,1.0214738950573599,-0.1852021134203952
2000-09-01,1.458987244536834,1.4945199572628218,-0.46754731238145253,0.03062681103686269,0.8286532964727344,0.03062681103686269
2000-10-01,1.7214138030948156,1.4951350533694465,0.5875791725190656,0.7747809958114796,1.268042676327776,0.7747809958114796
2000-11-01,1.9874600383225631,1.5269662768872987,0.2009878645992824,0.9344595614074322,1.238471393269715,0.9344595614074322
2000-12-01,2.1520769788170178,1.1645977830717469,1.1459426783052258,0.9543904548305506,1.4875391467313301,0.9543904548305506
2001-01-01,1.8629102547310947,1.203835788873544,1.5473603374557066,0.7367898395042297,1.5380354603534485,0.7367898395042297
2001-02-01,1.5395415035148832,1.237199357078077,-0.15661487015913986,0.5333549621688831,0.8733753301446069,0.5333549621688831
2001-03-01,1.5689867863371911,1.2721906736317612,1.760535212350266,1.219831525778109,1.533904224106406,1.219831525778109
2001-04-01,1.793642805732405,1.3901073931631993,0.7295411845143936,1.170853263952745,1.304430461136666,1.170853263952745
2001-05-01,1.5814195888116025,1.729570546735448,-0.6566844724226166,0.47024690230198246,0.8847685543748112,0.47024690230198246
2001-06-01,1.6707383297181024,1.7197989063142882,0.18356008037159524,0.19977102429143218,1.191365772134662,0.19977102429143218
2001-07-01,1.7238817644605657,1.5033363347911166,0.6864914989182007,0.3854841386258554,1.3045698660566276,0.3854841386258554
2001-08-01,1.5573408700953373,1.177304197752629,-1.021586347817666,0.3241359534611288,0.5710195733434335,0.3241359534611288
2001-09-01,1.8475357694822434,0.916230116194386,-0.9216580083209956,2.106541373897017,0.6140359591185445,2.106541373897017
2001-10-01,1.955505303769517,0.7203795687041414,0.9367508640663893,1.7901116271762523,1.2042119121800159,1.7901116271762523
2001-11-01,1.632402663170134,0.8492072543996927,0.30437741849632594,0.967950919167292,0.9286624453553843,0.967950919167292
2001-12-01,1.6088583117408872,1.3120670746351313,1.6475853303972634,0.5749899403073647,1.5228369055910942,0.5749899403073647
2002-01-01,1.5264448552006415,1.1637520259251375,1.5515643834802875,0.37693452138581457,1.4139204215353554,0.37693452138581457
2002-02-01,1.4647951802842305,0.9429406170165261,0.28036172790988934,0.4610266213071515,0.8960325084035486,0.4610266213071515
2002-03-01,1.3528178970217062,1.4299348660671793,-0.7839158050185717,-0.06420644334938111,0.666278986023438,-0.06420644334938111
2002-04-01,1.2444391364743834,1.3803217732850714,-0.09467512322856395,0.0593743876657566,0.8433619288436303,0.0593743876657566
2002-05-01,1.14705838843977,1.361631239317848,-1.3693697874030102,0.08465507405018394,0.37977328011820255,0.08465507405018394
2002-06-01,1.3840160626039686,1.145222255713054,-0.9912470074383091,0.7843655667174205,0.5126637702929046,0.7843655667174205
2002-07-01,1.7694853983928844,0.8854629760481554,-1.7882940558517064,1.9694161492542361,0.2888847728631112,1.9694161492542361
2002-08-01,1.7712165481045121,0.5034323760060513,0.36121844209445525,1.9279975489884869,0.8786224554016728,1.9279975489884869
2002-09-01,1.6915162139783138,0.2221936607086626,0.6855251725888358,2.455118268370581,0.8664116824252707,2.455118268370581
2002-10-01,1.971085651174159,0.3351197141022555,0.9138180884425207,2.130531169457059,1.0733411512396451,2.130531169457059
2002-11-01,1.6161141181561904,0.5757120546216538,-0.7531739429993002,1.1763880161660352,0.4795507432595147,1.1763880161660352
2002-12-01,1.3674689692564708,0.5627518717434628,0.08658103975331563,1.1811770874771856,0.6722672935844164,1.1811770874771856
2003-01-01,1.0871477320973117,0.7298017227010816,-1.0262498641211315,1.0750461245951735,0.26356653022575394,1.0750461245951735
2003-02-01,1.1185731068211826,0.5813207599096966,0.16884954011295555,1.7222254215395634,0.6229144689479449,1.7222254215395634
2003-03-01,0.9555152911260423,0.590482454550482,-0.22454425628569208,1.5083767247088287,0.44048449646361076,1.5083767247088287
2003-04-01,0.6335364330726371,0.8191444321883868,0.3967637634414405,0.6116954398867885,0.6164815429008215,0.6116954398867885
2003-05-01,0.35482132950071166,0.492425883552653,-0.8554144367194275,0.10514668912346029,-0.0027224078886876426,0.10514668912346029
2003-06-01,0.17849136601643245,0.2913919727039937,0.3182220291593961,0.1217316609124119,0.2627017892932741,0.1217316609124119
2003-07-01,0.2001194961798741,0.5219271975757135,0.11666388844404027,-0.040398418307736036,0.27957019406654265,-0.040398418307736036
2003-08-01,0.35893459844362685,0.543222570358114,-0.017933389837745353,-0.025154620241675214,0.2947412596546652,-0.025154620241675214
2003-09-01,0.13780526007251165,0.34413646384710267,-1.3251647491809229,0.009686677082401757,-0.2810743417537695,0.009686677082401757
2003-10-01,-0.02020864893627225,0.343241778601101,-1.8916580030380188,-0.1940060671000712,-0.5228749577910633,-0.1940060671000712
2003-11-01,-0.10143029644541549,0.4654641708789168,-0.1224448684060096,-0.27802976537627755,0.08052966867583057,-0.27802976537627755
2003-12-01,-0.22975645266637892,0.4339544748713449,-0.5357209223058759,-0.3556093065524034,-0.11050763336696996,-0.3556093065524034
2004-01-01,-0.3987295408413302,0.3077689065428889,-0.5537781385181734,-0.4535290136695618,-0.2149129242722049,-0.4535290136695618
2004-02-01,-0.3094755221790662,0.3645074756941476,0.1577308676924033,-0.467376551620398,0.0709209404024949,-0.467376551620398
2004-03-01,-0.34015659109421975,-0.1356919859384954,0.6626817867975143,-0.2393757750626685,0.06227773658826639,-0.2393757750626685
2004-04-01,-0.2918942354973497,0.3154319788712604,-0.3234440463180635,-0.5078544387038367,-0.09996876764805095,-0.5078544387038367
2004-05-01,-0.04024052417081143,0.7275719993145663,1.6390204699009019,-0.2369987075691558,0.7754506483482189,-0.2369987075691558
2004-06-01,-0.08184330147915295,0.4222024113796127,-0.9999617520648081,-0.5558912491707791,-0.21986754738811612,-0.5558912491707791
2004-07-01,-0.17616950022920216,0.1673988492101381,0.012799919471460103,-0.5343389672970463,0.0013430894841320099,-0.5343389672970463
2004-08-01,-0.22333975311543144,0.17091701254727332,0.2640646442557725,-0.37481526489785455,0.07054730122920479,-0.37481526489785455
2004-09-01,-0.33341083002783906,0.21327476716259747,-0.058111785634658665,-0.7262232339250333,-0.05941594949996675,-0.7262232339250333
2004-10-01,-0.3867187955280185,0.0854885510112184,-0.48287919268721113,-0.6056929156913733,-0.2613698124013371,-0.6056929156913733
2004-11-01,-0.4869180269774299,0.22327007889525652,-1.531529731264736,-0.794170191990622,-0.5983925597823031,-0.794170191990622
2004-12-01,-0.5300250854991793,0.3222026958631265,-0.3462744327561805,-0.945103369890251,-0.1846989407974111,-0.945103369890251
2005-01-01,-0.4690860267601445,0.4057229615229475,-0.18726384529406234,-0.8130179196205469,-0.08354230351041976,-0.8130179196205469
2005-02-01,-0.5200545215815532,0.2278590195854731,0.6067163853416403,-1.0464295752187396,0.10484029444852007,-1.0464295752187396
2005-03-01,-0.4118920014586587,0.6869127487209453,0.11090025037841923,-0.855086945312691,0.12864033254690196,-0.855086945312691
2005-04-01,-0.17973910232053175,0.5913538407015336,0.7208325200844321,-0.6751826618303527,0.377482419488478,-0.6751826618303527
2005-05-01,-0.07608472495907193,0.400110209549992,-0.22979251103469334,-0.7415225489861592,0.03141099118540891,-0.7415225489861592
2005-06-01,-0.23321159857842766,0.34510104637794603,0.7897249474648825,-1.0248725259576188,0.3005381317548003,-1.0248725259576188
2005-07-01,-0.303137170607984,0.37450683411171987,1.1510851786346141,-1.1355184815119863,0.40748494737945,-1.1355184815119863
2005-08-01,-0.3058483513547054,0.3907701088874341,-0.488976650544002,-0.8787188912807425,-0.13468496433709112,-0.8787188912807425
2005-09-01,-0.24258985176827386,0.23085626421029967,0.22053289334154252,-0.9223501677548449,0.06959976859452278,-0.9223501677548449
2005-10-01,-0.14831372759666056,0.4477032708001144,1.2729383409730386,-0.6105784112571109,0.5241092947254975,-0.6105784112571109
2005-11-01,-0.09615747740049789,0.5881758441506375,1.2176646478758797,-0.9872115496736519,0.5698943382086731,-0.9872115496736519
2005-12-01,-0.10504213831719408,0.47853496314470095,-0.003857880587607775,-1.1070347567070078,0.12321164807996637,-1.1070347567070078
2006-01-01,-0.1612411442743936,0.3599751885927007,-1.0238432225962228,-1.0022794465237692,-0.27503639275930525,-1.0022794465237692
2006-02-01,-0.16224948277525714,0.4697131900365242,0.8075413180299145,-0.943549970535255,0.3716683417637272,-0.943549970535255
2006-03-01,-0.13902847005248023,0.4632177329242859,-0.2041558900569811,-1.0484591182248966,0.04001112427160821,-1.0484591182248966
2006-04-01,-0.13510190775201725,0.5381507252683982,-0.0775174658281112,-1.0277435696719466,0.1085104505627566,-1.0277435696719466
2006-05-01,-0.11494975133621559,0.781931117737565,-1.8665565393044625,-0.6757904268289611,-0.3998583909677043,-0.6757904268289611
2006-06-01,-0.004513845352349128,0.7220431240834239,1.0124104235328566,-0.3431530460280378,0.5766465674213105,-0.3431530460280378
2006-07-01,0.02129397921519743,0.6737510899848639,0.38832627647769813,-0.5581493298963788,0.3611237818925865,-0.5581493298963788
2006-08-01,-0.040982445475794625,0.725442563336738,0.047442053015721214,-0.8246626156875315,0.2439673902922215,-0.8246626156875315
2006-09-01,-0.09517029285419724,0.5989400260165768,0.43431341025481773,-0.9822328439951468,0.3126943811390658,-0.9822328439951468
2006-10-01,-0.1512752812355596,0.5128778290979394,0.4645711466507819,-1.1007759460001834,0.2753912315043872,-1.1007759460001834
2006-11-01,-0.23650221373275992,0.3989825333545124,-0.4419169253121664,-1.1667535117145116,-0.09314553523013798,-1.1667535117145116
2006-12-01,-0.2977546643912554,0.4143343070156989,-0.006159376139575292,-1.14692547082962,0.036806755494956066,-1.14692547082962
2007-01-01,-0.3128444853132634,0.5596763912103376,1.04078373056527,-1.1363959422287273,0.4292052121541148,-1.1363959422287273
2007-02-01,-0.3763533577918723,0.5899321054024493,0.012370923041360959,-1.121173597405912,0.07531655688397933,-1.121173597405912
2007-03-01,-0.3551074295128152,0.4316059261005944,-1.0942471172958532,-0.5801901613266852,-0.33924954023602466,-0.5801901613266852
2007-04-01,-0.3609697319453701,0.5449140846513344,0.5575774362544633,-0.8811898676135046,0.24717392965347587,-0.8811898676135046
2007-05-01,-0.395603456444715,0.5153708322573669,0.6053007381525336,-0.831953890053154,0.24168937132172852,-0.831953890053154
2007-06-01,-0.26463697330229885,0.7161158343286713,0.6202741886492037,-0.6092284716928941,0.3572510165585254,-0.6092284716928941
2007-07-01,-0.03939436598826939,0.7111950654756706,-0.4225233759828016,-0.29527109875785623,0.08309244116819986,-0.29527109875785623
2007-08-01,0.16974568760314848,0.606240949369128,-1.5733263658225833,0.7513037859990106,-0.26577990961676895,0.7513037859990106
2007-09-01,0.12540277485987464,0.3110831414858231,-0.5877313379390756,0.36965702764488595,-0.050415140531125946,0.36965702764488595
2007-10-01,0.024171734579980068,0.4059676020198995,0.2772065128966056,-0.0465691894777632,0.23578194983216172,-0.0465691894777632
2007-11-01,0.26762002791091166,0.12585423300849607,-1.6900567496179293,0.8264001134336818,-0.4321941628995072,0.8264001134336818
2007-12-01,0.359345925337918,0.039740778080972546,0.483945452454674,0.29568744447086914,0.29434405195785485,0.29568744447086914
2008-01-01,0.5810511213610409,-0.23605293872708716,-1.6823084689075354,0.8579629861018028,-0.4457700954245272,0.8579629861018028
2008-02-01,0.6873144864520064,-0.24335720499326163,-0.29898943614746176,0.8093394486554347,0.04832261510376101,0.8093394486554347
2008-03-01,0.872797060944121,-0.2901813961101019,-2.4135045139868123,1.031741991860185,-0.6102962830509311,1.031741991860185
2008-04-01,0.7241928805744852,-0.4947008515629705,0.74604850806946,0.28377115977219003,0.32518017902699153,0.28377115977219003
2008-05-01,0.5825462052029002,-0.4656375605249307,0.6406636788853798,-0.15622732364350583,0.2525241078544498,-0.15622732364350583
2008-06-01,0.6983458820170056,-0.038812120535950415,0.9573389625690018,0.35771395330482053,0.5389575746833524,0.35771395330482053
2008-07-01,1.0011696809235795,-0.06873281826807282,-0.030318834892000653,0.6562317577175151,0.300706009254502,0.6562317577175151
2008-08-01,1.104094400142122,-0.08596948871054699,0.9186702853496891,0.1667296463863115,0.645598398927088,0.1667296463863115
2008-09-01,1.3663564279423872,-0.3545614552702027,-1.035471100506267,1.4549576876676702,-0.00789204261136082,1.4549576876676702
2008-10-01,3.3956644865965586,-0.22226919415589638,-2.557422176344322,5.631511389717031,0.20532437203211332,5.631511389717031
2008-11-01,4.309404273997116,-0.414328293630615,-1.220874121888699,5.832862444031053,0.8914006194926007,5.832862444031053
2008-12-01,4.854573022292087,-1.4340225036644445,-2.4164276817651444,4.4472915802638076,0.33470761228749923,4.4472915802638076
2009-01-01,3.6000259947029893,-1.3875897373427288,-0.5138679670104114,3.404868248775446,0.5661894301166164,3.404868248775446
2009-02-01,3.6407982834247608,-1.0135344175012988,1.2104102228768234,3.5246789375722414,1.2792246962667617,3.5246789375722414
2009-03-01,4.095263575429964,-1.117359844408233,2.0569968662883578,3.4200489327839594,1.678300199103363,3.4200489327839594
2009-04-01,3.2891725497904205,-1.0865770801630377,0.42462587120054013,2.5113175380856623,0.875740446942641,2.5113175380856623
2009-05-01,2.2697948185642542,-0.7777988346372035,-0.9339437316360466,1.689770032437757,0.1860174174303347,1.689770032437757
2009-06-01,1.8125638428698145,-0.18919379896782465,-0.019028433565407423,1.3067185450022574,0.5347805367788608,1.3067185450022574
2009-07-01,1.5567113611092913,-0.38568904612062793,-0.9445496959343153,0.9047433593120068,0.07549087301811604,0.9047433593120068
2009-08-01,1.1213309557124327,-0.2814162765906934,0.21655679824584337,0.79329445269217,0.3521571591225276,0.79329445269217
2009-09-01,0.8538431176551681,-0.42053051270575204,-1.5573958809199608,0.7378826477228824,-0.37469442532351493,0.7378826477228824
2009-10-01,0.5915167082540576,-0.5930649706141113,-0.4048660938184863,0.6468435416572782,-0.13547145205951336,0.6468435416572782
2009-11-01,0.5132252751918673,-0.4143660626897936,-0.49456202030238045,0.5843045233004619,-0.13190093593343558,0.5843045233004619
2009-12-01,0.33129343114723764,-0.23313123222061718,0.29725934376563284,0.240143567492268,0.13180718089741775,0.240143567492268
2010-01-01,0.11350955151636016,-0.11778452548875049,0.49955903694328024,0.15963485123302118,0.1650946876569633,0.15963485123302118
2010-02-01,0.26484650942368915,-0.14911396007751468,-0.42947400853525614,0.41569707172975967,-0.10458048639636057,0.41569707172975967
2010-03-01,0.07862426187297097,-0.18104195214761024,0.247392620458584,-0.2285762585489328,0.04832497672798158,-0.2285762585489328
2010-04-01,-0.06350987419073123,0.028242674724172002,1.1775417908456496,-0.2748934396218185,0.38075819712636344,-0.2748934396218185
2010-05-01,0.13643417042487388,-0.39997605114269413,-0.642621394195226,1.6832228255513049,-0.3020544249710154,1.6832228255513049
2010-06-01,0.2602161438136648,-0.44185850422108136,-0.5155187362105448,1.4114615830076391,-0.2323870322059871,1.4114615830076391
2010-07-01,0.08208656129622374,-0.6438616574195731,-1.4841157508614597,0.8240859313235954,-0.6819636156616031,0.8240859313235954
2010-08-01,-0.030674235829289007,-0.9245831328091183,-0.9875502561625635,0.7134814674181718,-0.6476025416003236,0.7134814674181718
2010-09-01,-0.14370686638059535,-0.8449468262771179,-0.4835043346857874,0.4126757784193692,-0.49071934244783355,0.4126757784193692
2010-10-01,-0.3470668829183172,-0.9661720172911611,-1.2680224159732283,0.12321016614941115,-0.8604204387275688,0.12321016614941115
2010-11-01,-0.33884034503248717,-1.0038466538219528,0.3763750503442446,0.08573327253329223,-0.3221039828367318,0.08573327253329223
2010-12-01,-0.26776305769891434,-0.4054559982744458,0.3871303530096298,-0.2552842525753684,-0.09536290098791013,-0.2552842525753684
2011-01-01,-0.3982437833661671,-0.38060052378400205,-0.34885177340526563,-0.2895788535954079,-0.37589869351847827,-0.2895788535954079
2011-02-01,-0.48964923755552536,-0.21449220151591034,-0.04921222424150658,-0.2741220455851234,-0.25111788777098076,-0.2741220455851234
2011-03-01,-0.46763216076856157,-0.35977417191294303,-0.43859999501553926,0.17047761523851665,-0.422002109232348,0.17047761523851665
2011-04-01,-0.5128668779087338,-0.31709185077495383,0.7331572988783475,-0.4342248779012587,-0.03226714326844671,-0.4342248779012587
2011-05-01,-0.5514140840023378,-0.520996210121196,-1.0016977033863248,-0.3441260544152334,-0.6913693325032861,-0.3441260544152334
2011-06-01,-0.39033847219778367,-0.6634049382618915,-0.351873771940106,-0.04150291431482262,-0.4685390607999271,-0.04150291431482262
2011-07-01,-0.41518261661299066,-0.6529343249922943,-0.5973159545994365,-0.03147040891711908,-0.5551442987349072,-0.03147040891711908
2011-08-01,-0.05310049345718251,-1.3504065091145132,-1.1682843180748097,2.101654201387721,-0.8572637735488352,2.101654201387721
2011-09-01,0.13056590673298127,-1.6515941121071394,-0.09474962393616451,2.3042625220693322,-0.5385926097701076,2.3042625220693322
2011-10-01,0.2669148960921263,-1.5291387288798455,-0.08598966987438059,1.8046563176362618,-0.44940450088736655,1.8046563176362618
2011-11-01,0.10358286246745847,-1.704056684201378,0.4669588645863138,1.6848973934392975,-0.3778383190492019,1.6848973934392975
2011-12-01,0.06689250349665658,-1.644212958827637,0.11497638372616815,0.7542104881662685,-0.4874480238682708,0.7542104881662685
2012-01-01,-0.1857170531842347,-1.6437772657521112,-0.4354357329613045,0.10359104448279134,-0.7549766839658835,0.10359104448279134
2012-02-01,-0.3970372244762455,-1.6459301021252992,0.7654538633541283,-0.1404105317494302,-0.4258378210824722,-0.1404105317494302
2012-03-01,-0.43631408871276656,-1.4293254061229437,1.9723432911142766,-0.4445825960121599,0.03556793209285547,-0.4445825960121599
2012-04-01,-0.4129120921565015,-1.5023820482416508,-0.5973659354489808,-0.2210694207113955,-0.837553358615711,-0.2210694207113955
2012-05-01,-0.4005894537546484,-1.6979406717775478,-0.7918907274475745,0.20805182239747355,-0.9634736176599237,0.20805182239747355
2012-06-01,-0.25822027375135137,-1.8312021752416883,-0.1829049984032953,0.22548415884794623,-0.757442482465445,0.22548415884794623
2012-07-01,-0.44084941481678086,-1.9245430094220572,-0.1982713359618239,-0.2558657200499985,-0.854554586733554,-0.2558657200499985
2012-08-01,-0.5648912991126892,-1.782892616171711,-0.12997884997510045,-0.5090702227834111,-0.8259209217531668,-0.5090702227834111
2012-09-01,-0.6812680258306705,-1.6882786597294595,-0.2890016331871093,-0.5637196068350422,-0.8861827729157464,-0.5637196068350422
2012-10-01,-0.7139704726263416,-1.6667152247283412,0.4385147716794395,-0.42987935816120787,-0.6473903085584145,-0.42987935816120787
2012-11-01,-0.6509551924208831,-1.7153590751606151,0.9978398588752256,-0.37241050242739837,-0.4561581362354243,-0.37241050242739837
2012-12-01,-0.7723459854641925,-1.718588329720397,1.3278749463235302,-0.29072630222499257,-0.38768645628701986,-0.29072630222499257
2013-01-01,-0.8785012303429445,-1.5014081460728275,2.4226130758646263,-0.8039411831220973,0.014234566482951442,-0.8039411831220973
2013-02-01,-0.8375001655199672,-1.3125520590193704,1.7196877613719688,-0.7273464919082916,-0.1434548210557897,-0.7273464919082916
2013-03-01,-0.9113760426943194,-1.1507777362920395,0.7438512331360456,-0.8678929629059675,-0.4394341819501044,-0.8678929629059675
2013-04-01,-0.9732709467877081,-1.4687614542317977,1.2302553162899672,-0.7415693001398983,-0.4039256949098462,-0.7415693001398983
2013-05-01,-1.0618886435961112,-1.5989101986108958,1.2610838562035613,-0.8055073467723576,-0.4665716620011486,-0.8055073467723576
2013-06-01,-0.6936783458412937,-1.1373225089596142,-1.4882498806511228,-0.29551858767796274,-1.1064169118173435,-0.29551858767796274
2013-07-01,-0.7101504976428344,-0.7990336297727404,0.9799270761459558,-0.7405875259113768,-0.17641901708987304,-0.7405875259113768
2013-08-01,-0.6976427536224656,-0.5439225195499525,-0.7574282192722688,-0.7088025852629948,-0.6663311641482289,-0.7088025852629948
2013-09-01,-0.7110872669673082,-0.42419546034106054,0.5586670119474344,-0.6437354982677356,-0.1922052384536448,-0.6437354982677356
2013-10-01,-0.8119735761357963,-0.5475431989048596,-0.589244597753828,-0.5471033026796116,-0.649587124264828,-0.5471033026796116
2013-11-01,-0.8867277682287749,-0.4533437317622518,0.9212605439186241,-0.8824048132212999,-0.13960365202413416,-0.8824048132212999
2013-12-01,-0.9144786226969754,-0.3451812396441692,1.3192804458549159,-0.7111810502094724,0.01987352783792377,-0.7111810502094724
2014-01-01,-0.9471105563107682,-0.3126836620108063,0.10924043973248043,-0.7046242008975614,-0.38351792619636466,-0.7046242008975614
2014-02-01,-0.9696183639663996,-0.4425228963075433,-0.6399723685379723,-0.5387102001716538,-0.6840378762706384,-0.5387102001716538
2014-03-01,-1.017553225007434,-0.4480560634772285,0.07683001067485169,-0.6242063725720635,-0.46292642593660366,-0.6242063725720635
2014-04-01,-1.0432356928071969,-0.47291619778666205,0.03949422098234903,-0.7104096561727768,-0.49221922320383665,-0.7104096561727768
2014-05-01,-1.070072260414711,-0.5829158848547962,-0.2737121346991726,-0.9429849582364473,-0.6422334266562266,-0.9429849582364473
2014-06-01,-1.1401051351123432,-0.5080791918820674,0.10632499515100645,-1.0690436003997579,-0.5139531106144681,-1.0690436003997579
2014-07-01,-1.0707017694007572,-0.5589923741622689,-0.13291741950181327,-0.9671319291427014,-0.5875371876882798,-0.9671319291427014
2014-08-01,-0.9814974846735383,-0.6486286522459185,0.46200438447568665,-0.8057411025410532,-0.3893739174812567,-0.8057411025410532
2014-09-01,-0.9097620743090993,-0.5352971946002312,1.6913471440556729,-0.8091480928697913,0.08209595838211414,-0.8091480928697913
2014-10-01,-0.8185834204892809,-0.7486376874003831,0.21548510199598153,-0.1892519321130463,-0.4505786686312274,-0.1892519321130463
2014-11-01,-0.823297243730031,-0.6770939331802943,2.9335669598083336,-0.8163714536958648,0.47772526096600276,-0.8163714536958648
2014-12-01,-0.6025831496522012,-0.7075380839122467,1.0160759961168524,-0.42770835145944747,-0.09801507914919849,-0.42770835145944747
2015-01-01,-0.620078253556067,-0.9990027719822794,-0.3667064774705161,-0.046049756210662665,-0.661929167669621,-0.046049756210662665
2015-02-01,-0.7917543470363625,-0.9572774038545683,0.1647987713892797,-0.480094403304337,-0.5280776598338837,-0.480094403304337
2015-03-01,-0.7906418057222787,-0.9600070767679407,0.5379805449270909,-0.6274380460742799,-0.40422277918770955,-0.6274380460742799
2015-04-01,-0.853116484866669,-1.0113815811281108,-0.30064884414378734,-0.8053554055227055,-0.7217156367128558,-0.8053554055227055
2015-05-01,-0.8257103615098749,-0.7826427164768766,0.4205948481210004,-0.8264498182845058,-0.3959194099552503,-0.8264498182845058
2015-06-01,-0.7223615412698882,-0.6737776953327064,0.9452159098615459,-0.6913147318174563,-0.15030777558034958,-0.6913147318174563
2015-07-01,-0.5757503291219851,-0.6674170424119232,-0.1382053001065421,-0.6895352660282617,-0.46045755721348347,-0.6895352660282617
2015-08-01,-0.40755152337413464,-0.804555515275398,-0.10603135265221562,-0.0043912640872899485,-0.43937946376724946,-0.0043912640872899485
2015-09-01,-0.3470668829183172,-0.7661120086113252,-0.942790650198021,0.6637002545273387,-0.6853231805758879,0.6637002545273387
2015-10-01,-0.2654023990012412,-0.8230083984741535,-0.03969559830204844,-0.36057953858429354,-0.3760354652591477,-0.36057953858429354
2015-11-01,-0.2001957598632958,-0.6150897276951989,0.8454584723388422,-0.4388146724195963,0.010057661593449155,-0.4388146724195963
2015-12-01,0.08038402562941797,-0.6047890751919065,-0.3355623676347196,-0.19373928062492948,-0.28665580573240274,-0.19373928062492948
2016-01-01,0.2858751072194681,-0.5859131294796235,-1.1393957230914697,0.5747057425043718,-0.4798112484505417,0.5747057425043718
2016-02-01,0.40687572732304994,-0.7428152435728971,-1.2423828707472377,0.41259221073206065,-0.5261074623323616,0.41259221073206065
2016-03-01,0.012103761177027453,-0.6409958687409787,-0.596355100839087,-0.4875352185099733,-0.4084157361343461,-0.4875352185099733
2016-04-01,-0.16246337276028872,-0.6935819260384413,-1.2173560107058419,-0.6965888463486506,-0.6911337698348573,-0.6965888463486506
2016-05-01,-0.2802673952853764,-0.654882129329941,-0.26348120755087,-0.6220207561347598,-0.3995435773887291,-0.6220207561347598
2016-06-01,-0.38507348795085206,-0.7109630508695914,-1.3078593703071595,-0.22761049150891935,-0.8012986363758676,-0.22761049150891935
2016-07-01,-0.5782325975101441,-0.8994340897223303,-0.4477959302274506,-0.8507487304404117,-0.6418208724866417,-0.8507487304404117
2016-08-01,-0.6821373477637813,-0.9774510078550376,-1.1521660889087562,-0.9532003394108017,-0.9372514815091918,-0.9532003394108017
2016-09-01,-0.7180837415692568,-0.8816988186479713,0.20764547398228064,-0.7075169285351691,-0.46404569541164914,-0.7075169285351691
2016-10-01,-0.8270892859554995,-0.7751077891707184,0.8159267291550195,-0.6581477101866618,-0.26209011532373283,-0.6581477101866618
2016-11-01,-0.6600043840952957,-0.44410919679304983,1.6956236931359414,-0.570273072839775,0.19717003741586528,-0.570273072839775
2016-12-01,-0.7692528072191205,-0.08899371123478693,2.6768131754173865,-0.9433706552547949,0.606188885654493,-0.9433706552547949
2017-01-01,-0.8858659404502593,-0.20137689571609332,-0.3953355951148726,-1.0599893628940456,-0.494192810427075,-1.0599893628940456
2017-02-01,-0.9471763686138548,-0.1782905582930896,-0.6925741998849309,-1.0705153390224005,-0.6060137089306251,-1.0705153390224005
2017-03-01,-0.89443925330784,-0.12684663649213623,-0.004932705059918174,-1.0209320897197762,-0.3420728649532981,-1.0209320897197762
2017-04-01,-0.9491671907822259,-0.27148571181662673,-1.0163962753539282,-0.853743464789451,-0.7456830593175936,-0.853743464789451
2017-05-01,-1.0028721761542867,-0.2916492390918211,0.7648932823433804,-1.1607255348292744,-0.1765427109675758,-1.1607255348292744
2017-06-01,-1.0239464201644217,-0.4550690910565532,-0.48145939840036894,-1.2077893369090213,-0.653491636540448,-1.2077893369090213
2017-07-01,-1.009796775000794,-0.3138625962151711,0.529599147056998,-1.2414212403248093,-0.26468674138632237,-1.2414212403248093
2017-08-01,-0.9943738048426635,-0.36108459405314425,-0.935418853981119,-1.0104260383286958,-0.7636257509589756,-1.0104260383286958
2017-09-01,-1.0283887506227698,-0.42258083306116945,0.33615070408239406,-1.2179997888856446,-0.371606293200515,-1.2179997888856446
2017-10-01,-1.0512585259453777,-0.25788885051228033,0.7552721691166131,-1.2601915363563538,-0.18462506911368162,-1.2601915363563538
2017-11-01,-0.9610956707166797,-0.2327724261584197,-0.040482953279924204,-1.20416612249424,-0.4114503500516746,-1.20416612249424
2017-12-01,-0.9480899060590814,-0.1906127138501531,0.036210398804060934,-1.2414212403248093,-0.36749740703505784,-1.2414212403248093
2018-01-01,-0.9729418852722749,-0.033122481549667564,-0.7435688337734805,-1.1337121338093912,-0.583211066865141,-1.1337121338093912
2018-02-01,-0.8181348953367232,0.3007155347412594,-1.0630948009555685,0.4055370002727583,-0.5268380538503441,0.4055370002727583
2018-03-01,-0.7740241991929018,0.28288314322901226,-0.7227913506381481,-0.05896739218349104,-0.4046441355340125,-0.05896739218349104
2018-04-01,-0.8107145581637043,0.3062055372718835,0.5934628777050719,-0.1610485363728526,0.029651285604417026,-0.1610485363728526
2018-05-01,-0.771370246535821,0.44471865673728606,0.7383713944204074,-0.7203384324481219,0.1372399348739575,-0.7203384324481219
2018-06-01,-0.7921225825417281,0.37437868908950633,0.1295376698850343,-0.7806065135120606,-0.09606874118906249,-0.7806065135120606
2018-07-01,-0.7399663323455651,0.3169697191378237,0.5173659747609489,-0.8522175932519523,0.031456453851069176,-0.8522175932519523
2018-08-01,-0.7891538753916243,0.2632379541714008,-0.19448876756429698,-0.9333034040947339,-0.24013489626150686,-0.9333034040947339
2018-09-01,-0.7881346703665973,0.37096598481371257,0.38654799790426436,-0.8842236791604556,-0.010206895882873471,-0.8842236791604556
2018-10-01,-0.6804061980521546,0.5249607397379321,0.21466497195818204,-0.014640184132804763,0.019739837881319843,-0.014640184132804763
2018-11-01,-0.5134074789698027,0.5354313530075291,0.21053564879446363,-0.009662456671375282,0.07751984094406335,-0.009662456671375282
2018-12-01,-0.3302024802523653,0.33159174061987784,-0.40896534849468086,0.7414588034105447,-0.13585869604238945,0.7414588034105447
2019-01-01,-0.4548345292226919,0.19292533763508193,-1.1738261287313598,0.015086435339269132,-0.4785784401063233,0.015086435339269132
2019-02-01,-0.6319025306773003,0.16871267291156933,0.530704040317922,-0.5704693046561276,0.022504727517397,-0.5704693046561276
2019-03-01,-0.70969267292571,0.14141103870522395,0.24660824055473213,-0.6716471058288319,-0.10722446455525131,-0.6716471058288319
2019-04-01,-0.8098527303851888,0.04607114217832256,0.1711249671665541,-0.8790235360271186,-0.19755220701343737,-0.8790235360271186
2019-05-01,-0.7581505578288522,-0.0479873041264421,-0.6071980371879165,-0.36972231108739934,-0.47111196638107034,-0.36972231108739934
2019-06-01,-0.8312260592923741,-0.31816826896154726,-0.7021512173057297,-0.48930241212131165,-0.6171818485198837,-0.48930241212131165
2019-07-01,-0.9112786186845739,-0.3395987764946466,0.07356784397667114,-0.8308493940460675,-0.3924365170675164,-0.8308493940460675
2019-08-01,-0.9248130618845659,-0.6762241003022382,-0.7861201557471783,-0.06500413491005454,-0.7957191059779941,-0.06500413491005454
2019-09-01,-1.0282398894610265,-0.6674659705113141,0.49718743740203886,-0.5266957380501225,-0.3995061408567673,-0.5266957380501225
2019-10-01,-0.9833573975868564,-0.7295557286380343,0.2138380389268633,-0.5391797443679032,-0.49969169576600914,-0.5391797443679032
2019-11-01,-0.9665330205193137,-0.6915720725321439,0.25813173867476397,-0.9364698927681906,-0.46665778479223124,-0.9364698927681906
2019-12-01,-1.0716760094982094,-0.6961448264827127,0.08218862692898911,-0.7699998455074987,-0.561877403017311,-0.7699998455074987
2020-01-01,-1.1567227416417205,-0.7663682986557523,0.053797305863114486,-0.7451223878240713,-0.6230979114781194,-0.7451223878240713
2020-02-01,-1.1287290084359383,-0.9422642028310194,0.27051706446915524,0.022722559641118377,-0.6001587155992675,0.022722559641118377
2020-03-01,0.041390236050582514,-1.7971668573417623,-0.8714063607097489,5.167054811548596,-0.8757276606669763,5.167054811548596
2020-04-01,0.05800784257995974,-1.9773387585740507,0.019723945975183392,2.968947050355223,-0.6332023233396359,2.968947050355223
2020-05-01,-0.25953651981308395,-2.0027627309812246,-0.2063779646875852,1.5438415655459006,-0.8228924051606312,1.5438415655459006
2020-06-01,-0.6950494354889322,-1.9762437011114984,0.13363977144578348,1.5738838569386568,-0.8458844550515491,1.5738838569386568
2020-07-01,-0.8524195284892608,-2.067739246971992,-0.3400602928476678,0.996232445232349,-1.086739689436307,0.996232445232349
2020-08-01,-1.0621959039345386,-2.0770355858562137,-0.2573131788801067,0.4628806736409631,-1.1321815562236197,0.4628806736409631
2020-09-01,-1.0102903672739438,-2.0129630747494254,-0.16628319105804987,1.1051947748626867,-1.0631788776938065,1.1051947748626867
2020-10-01,-1.0612591346100655,-1.9240304293332031,-0.15014987880850295,1.3469712883716367,-1.0451464809172573,1.3469712883716367
2020-11-01,-1.2307694174121784,-1.8240773120066134,-0.31210953827404087,0.7471747317232422,-1.1223187558976109,0.7471747317232422
2020-12-01,-1.4015445091240255,-1.7448137909937793,-0.24048897818415282,0.3933003471416143,-1.1289490927673191,0.3933003471416143
2021-01-01,-1.47156409872942,-1.6238068757113533,-0.0093275505418099,0.735632748449187,-1.0348995083275276,0.735632748449187
2021-02-01,-1.5246526898859771,-1.5357105451769462,0.5987332374210199,0.4967644950335279,-0.8205433325473012,0.4967644950335279
2021-03-01,-1.4213382746284535,-1.123469474906056,1.2299329297562323,0.3216121534062887,-0.4382916065927591,0.3216121534062887
2021-04-01,-1.511380542096838,-1.065202490457813,0.11973686804605455,-0.27598624784047066,-0.8189487215028654,-0.27598624784047066
2021-05-01,-1.492247965413793,-1.0695081632041892,0.017963143267062394,0.040481369855646786,-0.8479309951169731,0.040481369855646786
2021-06-01,-1.5537354600118836,-1.146912416440179,0.35511986394583406,-0.3379987313283001,-0.7818426708354095,-0.3379987313283001
2021-07-01,-1.5876860241911441,-1.325080595506946,0.032029069013355865,-0.25072309313869523,-0.9602458502282447,-0.25072309313869523
2021-08-01,-1.5379405072710897,-1.3685567066797706,-0.13760179303692643,-0.26835412199255987,-1.014699668995929,-0.26835412199255987
2021-09-01,-1.5830219348854389,-1.31841705435184,0.10496236335207965,0.04915633862665049,-0.9321588752950665,0.04915633862665049
2021-10-01,-1.492200956625874,-1.1270965361869705,1.0499975963309531,-0.21453185625040153,-0.5230999654939638,-0.21453185625040153
2021-11-01,-1.4382348680948283,-1.1034153360819015,0.28932472358378863,-0.12961422937751413,-0.750775160197647,-0.12961422937751413
2021-12-01,-1.420465546261435,-1.2266652184469198,-0.05290354012663145,0.2556678724807637,-0.9000114349449956,0.2556678724807637
2022-01-01,-1.3283283219401374,-1.012457999314705,0.3392680496350067,0.5022281977960691,-0.667172757206612,0.5022281977960691
2022-02-01,-1.0778466963923807,-0.8400044751045856,0.14945008266828494,0.8488145234911694,-0.5894670296095604,0.8488145234911694
2022-03-01,-0.9208786307217778,-0.6638857100211208,1.1182864251971978,1.0135442196042939,-0.15549263851523362,1.0135442196042939
2022-04-01,-0.7409065081039455,-0.0022395311961952913,2.5307076130421158,0.6632084908289453,0.5958538579139917,0.6632084908289453
2022-05-01,-0.39626157947558116,0.1383355581720983,0.7659008649872081,1.3300970438189241,0.16932494789457508,1.3300970438189241
2022-06-01,-0.13745469758736498,0.4130784857980062,1.5439758573350038,1.1842422099942067,0.6065332151818817,1.1842422099942067
2022-07-01,-0.053708541909613695,0.19528320604381114,0.8021309739842205,0.7471393761632268,0.31456854603947265,0.7471393761632268
2022-08-01,-0.2978221117826171,0.15419211179035167,-0.4243333846428148,0.36569061482919957,-0.18932112821169342,0.36569061482919957
2022-09-01,0.09881147049367747,0.8013579031051438,2.282718124342926,1.0639135061110463,1.0609624993139157,1.0639135061110463
2022-10-01,0.2843238172181401,1.2959208018362205,1.027375259077642,1.4235233806723318,0.8692066260440008,1.4235233806723318
2022-11-01,0.13961509840739456,1.1909700286433007,-1.2748038265629709,0.5181697568316862,0.018593766829241447,0.5181697568316862
2022-12-01,0.017533276181674915,0.7229331495104339,-2.170741910998427,0.3136802103767901,-0.47675849510210605,0.3136802103767901
2023-01-01,-0.11280642312182018,0.5456573257801726,-1.3483341902785406,0.09563282933755028,-0.30516109587339607,0.09563282933755028
2023-02-01,-0.05782181085252889,0.7666913023589438,0.7793139128515729,0.08907919416745844,0.49606113478599595,0.08907919416745844
2023-03-01,0.08476197448692016,0.8702442098289981,0.1779817768857547,0.29478944119554223,0.37766265373389096,0.29478944119554223
2023-04-01,-0.059631649187411165,0.581717335031073,-0.06330955097974669,-0.22175860038365355,0.15292537828797173,-0.22175860038365355
2023-05-01,0.024171734579980068,0.6555987651109366,1.0475522639714987,-0.24630155195734688,0.5757742545541386,-0.24630155195734688
2023-06-01,0.0033836310180477072,0.881064106921988,1.2256063034563147,-0.7367217898865738,0.7033513471321168,-0.7367217898865738
2023-07-01,-0.059028369742450834,0.8287553088544057,-0.12583052491028063,-0.7462794788791144,0.21463213806722478,-0.7462794788791144
2023-08-01,-0.015487331540926517,1.0691475703952884,1.0656366715663828,-0.48688425951062775,0.7064323034735814,-0.48688425951062775
2023-09-01,0.04385819741633189,1.1619067376052614,0.8279088992069531,-0.5787584072434249,0.6778912780761822,-0.5787584072434249
2023-10-01,0.2985518103616332,1.4138911092860393,0.4617379136180799,-0.07733767365585553,0.7247269444219174,-0.07733767365585553
2023-11-01,0.07462544910933697,1.4082527283086412,0.016134072674279593,-0.7345741587616829,0.4996707500307526,-0.7345741587616829
2023-12-01,-0.25069886768430666,0.9315532456741372,-1.5529692624490625,-0.9101460712659593,-0.2907049614864106,-0.9101460712659593
2024-01-01,-0.2797738030122264,0.854153652257137,0.6282622338167501,-0.8196817121966361,0.4008806943538869,-0.8196817121966361
2024-02-01,-0.27276165881430453,1.0365040188670567,0.8876359377987698,-0.7397869124035946,0.550459432617174,-0.7397869124035946
2024-03-01,-0.32533315330375256,1.0214341642547393,0.04750007959718952,-0.7658375318511629,0.2478670301827254,-0.7658375318511629
2024-04-01,-0.19520499354589219,1.2212075940667155,1.0616744538217162,-0.448571053815528,0.6958923514475132,-0.448571053815528
2024-05-01,-0.25407123725241093,0.944763832509609,0.5024732923502849,-0.8642217142215425,0.3977219625358277,-0.8642217142215425
2024-06-01,-0.28758509660477205,0.775755876561841,0.4990322230488114,-0.9170982600216768,0.3290676676686268,-0.9170982600216768
2024-07-01,-0.35510742951281554,0.7201838563065798,-0.09304670684266012,-0.6866753150147422,0.09067657331703471,-0.6866753150147422
2024-08-01,-0.44512721451741216,0.4804361692924511,-2.9602321739374804,-0.020026603065915794,-0.9749744063874806,-0.020026603065915794
2024-09-01,-0.5645765446196663,0.359436979499403,-0.9187543888358967,-0.24262345575339345,-0.3746313179853867,-0.24262345575339345
2024-10-01,-0.5554486643219975,0.6737021618854722,1.8813487438444032,0.06753005021083838,0.6665340804692926,0.06753005021083838
2024-11-01,-0.521963078371066,0.8301433217792238,0.9964908727336499,-0.46510635250363197,0.4348903720472692,-0.46510635250363197
2024-12-01,-0.5035591379007662,0.8254491672812957,0.01966459386291099,-0.4852268802941044,0.11385154108114681,-0.4852268802941044
2025-01-01,-0.46717433605143716,0.9143818126975168,0.6784269110632442,-0.36407710927340087,0.3752114625697746,-0.36407710927340087
2025-02-01,-0.5229502629173653,0.5882324977394049,-1.2770148705506474,-0.3364892534519484,-0.40391087857620267,-0.3364892534519484
2025-03-01,-0.4249604445001491,0.28083282287359485,-0.6730778639697729,0.32139415074374433,-0.27240182853210904,0.32139415074374433
2025-04-01,-0.16313716538712772,0.46766826526098937,-1.3465168254480226,1.6881758180952529,-0.34732857519138705,1.6881758180952529
2025-05-01,-0.367068100247692,0.41897315681983094,0.19945102867366762,0.13521644681903863,0.08378536174860218,0.13521644681903863
2025-06-01,-0.46925839231584754,0.46169670722583683,-0.11482300371085465,-0.14272792800133574,-0.040794896266955115,-0.14272792800133574
2025-07-01,-0.5612716224429241,0.33609827609006837,0.7358713117590104,-0.41568962075431437,0.1702326551353849,-0.41568962075431437
2025-08-01,-0.620187940727878,0.1401295884830877,0.06828720556577446,-0.500911892373578,-0.13725704889300527,-0.500911892373578
2025-09-01,-0.6975173968546812,-0.06362099683649877,0.09701109233168738,-0.4956348558952753,-0.22137576711983087,-0.4956348558952753
2025-10-01,-0.6668717548521627,-0.13752572601131102,0.9232882011784382,-0.18549557854305104,0.03963024010498817,-0.18549557854305104
2025-11-01,-0.5976707313146628,-0.2644669616525778,0.9778817228418496,0.04169631546344213,0.03858134329153632,0.04169631546344213
2025-12-01,-0.6543064241701632,,0.17254843068647469,-0.5056722055737118,-0.24087899674184424,-0.5056722055737118
