date,p_R,V_R,hy_oas,usjp_10y_spread,usd_jpy_return,vix,E_p,E_T
1998-04-01,5.72,800652.0,,1.3102276441483915,0.7572396593901335,1.0857059544609602,1.0337336517692626,1.0857059544609602
1998-05-01,5.46,771888.0,,1.5168352111507573,0.8586430994261611,0.8276354716631974,1.187739155288459,0.8276354716631974
1998-06-01,5.79,753964.0,,1.4523896416304116,1.400578140216215,0.9896752275627605,1.4264838909233133,0.9896752275627605
1998-07-01,6.35,724375.0,,1.256550379368463,0.12507391665056233,0.6081816691423135,0.6908121480095126,0.6081816691423135
1998-08-01,5.63,763742.0,,1.3013483280497575,0.9649737725906636,2.99973628094871,1.1331610503202105,2.99973628094871
1998-09-01,5.75,783667.0,,1.151629649439648,-2.4927100948173035,4.014028488335388,-0.6705402226888277,4.014028488335388
1998-10-01,5.73,775368.0,,1.0874810685439893,-3.379371984401458,3.4694372822303694,-1.1459454579287343,3.4694372822303694
1998-11-01,5.35,883012.0,,1.2712498310899976,-0.14856231279752735,1.5424646865197462,0.5613437591462351,1.5424646865197462
1998-12-01,4.82,912382.0,,0.5755649104203957,-0.8252397870727879,1.3879286577552077,-0.12483743832619609,1.3879286577552077
1999-01-01,4.07,797188.0,,0.2291155368251457,-1.0032717943314817,1.8141249306499116,-0.387078128753168,1.8141249306499116
1999-02-01,4.86,755897.0,,0.29786765280396255,1.03030134136955,1.913328200414925,0.6640844970867563,1.913328200414925
1999-03-01,5.1,797450.0,,0.8313877943168912,0.8388642876683996,1.2763282593146317,0.8351260409926454,1.2763282593146317
1999-04-01,5.41,791152.0,,1.029036355358717,0.13944037668312048,0.9452045846817271,0.5842383660209187,0.9452045846817271
1999-05-01,5.03,744742.0,,1.5938015667250907,0.6610193507486385,1.4073993412763601,1.1274104587368645,1.4073993412763601
1999-06-01,4.78,734211.0,,1.6293234244643657,-0.29536196906640616,0.9464165737281981,0.6669807276989798,0.9464165737281981
1999-07-01,5.76,686329.0,,1.4319538388785265,-0.330614890452434,0.4906846870023507,0.5506694742130462,0.4906846870023507
1999-08-01,5.07,680224.0,,1.386567176190687,-1.6671087900040975,1.0584213340202213,-0.14027080690670524,1.0584213340202213
1999-09-01,5.41,688207.0,,1.4605778823034383,-1.8060492036899458,1.0865430304201604,-0.17273566069325375,1.0865430304201604
1999-10-01,5.26,680064.0,,1.691410626570416,-0.19331974412404873,0.9866023714866222,0.7490454412231837,0.9866023714866222
1999-11-01,5.38,841508.0,,1.473499367813564,-0.3217558416791837,0.5950908909298137,0.5758717630671901,0.5950908909298137
1999-12-01,5.71,1113478.0,,1.7267804398811106,-0.563749441356398,0.6514166985572394,0.5815154992623564,0.6514166985572394
2000-01-01,3.99,905251.0,,2.120730147045042,0.9530821946068474,0.8302008382564569,1.5369061708259446,0.8302008382564569
2000-02-01,5.79,941085.0,,1.8526101311897043,1.33649277813133,0.893299855663648,1.5945514546605173,0.893299855663648
2000-03-01,5.78,1062017.0,,1.5621409262932973,-0.860690713987032,0.7330428504127775,0.3507251061531326,0.7330428504127775
2000-04-01,6.17,797289.0,,1.371633723144053,-0.1276933737778464,1.5031329929251143,0.6219701746831032,1.5031329929251143
2000-05-01,6.17,838507.0,,1.7910289161878423,0.9146428585925953,1.3478174536598821,1.3528358873902189,1.3478174536598821
2000-06-01,6.65,837194.0,,1.4934298863538342,-0.5987476944442859,0.4936341351125661,0.44734109595477417,0.4936341351125661
2000-07-01,6.86,807840.0,,1.4139203779318703,0.7270431468468536,0.20168511653704665,1.0704817623893619,0.20168511653704665
2000-08-01,6.51,885391.0,,1.140068467580806,0.03688338949616284,-0.11797829684105386,0.5884759285384844,-0.11797829684105386
2000-09-01,6.52,853390.0,,0.9929016520087823,-0.30869378755971444,0.1661271659326219,0.34210393222453395,0.1661271659326219
2000-10-01,6.6,920988.0,,0.9858589335365552,0.5786111604774334,1.1414612723215034,0.7822350470069943,1.1414612723215034
2000-11-01,6.61,1054097.0,,1.0049960371701998,0.2505295616769297,1.3382015756418306,0.6277627994235647,1.3382015756418306
2000-12-01,6.6,1067962.0,,0.6944311269665969,1.0444106993202042,1.3498205123007645,0.8694209131434005,1.3498205123007645
2001-01-01,5.41,1078487.0,,0.7235192443970783,1.3699294478288921,1.0552957968550143,1.0467243461129851,1.0552957968550143
2001-02-01,5.57,1102160.0,,0.7474714525890687,-0.07108698129452724,0.7832440204109252,0.3381922356472707,0.7832440204109252
2001-03-01,5.59,1150959.0,,0.772629887263406,1.5369578170324538,1.6628170562548112,1.15479385214793,1.6628170562548112
2001-04-01,5.29,1123259.0,,0.867454288914677,0.6626168119464018,1.5781522135803958,0.7650355504305394,1.5781522135803958
2001-05-01,4.61,1138146.0,,1.1471239591720195,-0.5082597976853913,0.6640784185260228,0.3194320807433141,0.6640784185260228
2001-06-01,4.14,1169329.0,,1.1293729299219661,0.20405421583425798,0.3105915913468496,0.6667135728781121,0.3105915913468496
2001-07-01,3.95,1163779.0,,0.9387710074998302,0.6291737142153038,0.5506450753669084,0.783972360857567,0.5506450753669084
2001-08-01,3.79,1133882.0,,0.6578513857174056,-0.823695380344359,0.4682336402200201,-0.08292199731347666,0.4682336402200201
2001-09-01,3.66,1156156.0,,0.4333308228209557,-0.7342366853861045,2.7243183531915145,-0.15045293128257442,2.7243183531915145
2001-10-01,3.02,1107271.0,,0.2647931193365907,0.8511365395528001,2.2676993891090214,0.5579648294446954,2.2676993891090214
2001-11-01,2.61,1133942.0,,0.37385849730971993,0.3081658567754327,1.2180469993587535,0.3410121770425763,1.2180469993587535
2001-12-01,2.06,1175079.0,,0.7680251887866929,1.4467176592935276,0.7185278672649863,1.1073714240401102,0.7185278672649863
2002-01-01,1.52,1224388.0,,0.6370596367583214,1.3510598384542372,0.4662991170846271,0.9940597376062793,0.4662991170846271
2002-02-01,1.77,1313520.0,,0.4444850464005935,0.26497120195529433,0.5702383185132402,0.3547281241779439,0.5702383185132402
2002-03-01,1.78,1385648.0,,0.8611714853185901,-0.6432909253923794,-0.09644173648394788,0.10894027996310535,-0.09644173648394788
2002-04-01,1.88,1328094.0,,0.8135529765845426,-0.0516928019630607,0.06082235778330343,0.38093008731074096,0.06082235778330343
2002-05-01,1.88,1279453.0,,0.7929608796343687,-1.1402419563833417,0.09282915085271407,-0.1736405383744865,0.09282915085271407
2002-06-01,1.79,1241193.0,,0.6021460214656909,-0.8104757697534967,0.9839152212089901,-0.10416487414390291,0.9839152212089901
2002-07-01,1.83,1265421.0,,0.37451050196792307,-1.4807818431040252,2.4456795414109007,-0.553135670568051,2.4456795414109007
2002-08-01,1.79,1284793.0,,0.04073021800964092,0.3612456617315285,2.341831899631071,0.20098793987058472,2.341831899631071
2002-09-01,1.81,1244691.0,,-0.20499781559362498,0.6372023052447127,2.902867518225973,0.21610224482554385,2.902867518225973
2002-10-01,1.85,1246432.0,,-0.10538973887783858,0.8293203567871856,2.4518968328628814,0.36196530895467355,2.4518968328628814
2002-11-01,1.74,1250866.0,,0.10642087939443888,-0.6059484022439916,1.3038794983655029,-0.24976376142477635,1.3038794983655029
2002-12-01,1.23,1251263.0,,0.09464811723468528,0.11953677701269645,1.2982500291294097,0.10709244712369087,1.2982500291294097
2003-01-01,1.16,1245386.0,,0.2420797133470805,-0.8408213156884009,1.1635876388480397,-0.2993708011706602,1.1635876388480397
2003-02-01,1.33,1325273.0,,0.10955778133780408,0.1958276653793192,1.9016551655763978,0.15269272335856166,1.9016551655763978
2003-03-01,1.33,1411674.0,,0.11736267575506044,-0.14619853660143908,1.6314111487380358,-0.01441793042318932,1.6314111487380358
2003-04-01,1.29,1283101.0,,0.32106772845690895,0.3949711702691242,0.5815717293291653,0.35801944936301655,0.5815717293291653
2003-05-01,1.3,1306815.0,,0.027509167692572327,-0.6982514459471025,-0.01130656454834567,-0.3353711391272651,-0.01130656454834567
2003-06-01,1.28,1252605.0,,-0.15314508083793638,0.3299661444380824,0.008141403941224886,0.08841053180007302,0.008141403941224886
2003-07-01,1.11,1263771.0,,0.05503600176527441,0.15221161475029343,-0.1822332565273617,0.10362380825778392,-0.1822332565273617
2003-08-01,1.0,1283228.0,,0.0741130403206969,0.03337104143130559,-0.1637108857760681,0.05374204087600125,-0.1637108857760681
2003-09-01,1.01,1339295.0,,-0.10658968067294956,-1.1156639985669674,-0.12205318614894063,-0.6111268396199585,-0.12205318614894063
2003-10-01,1.11,1322521.0,,-0.10707795448189973,-1.5990381646962006,-0.3628723920902998,-0.8530580595890502,-0.3628723920902998
2003-11-01,1.03,1347558.0,,0.004713717026124838,-0.042090499313987784,-0.46130161190766034,-0.018688391143931473,-0.46130161190766034
2003-12-01,1.03,1313685.0,,-0.024125051601966097,-0.4054305523943638,-0.5518005997430412,-0.21477780199816496,-0.5518005997430412
2004-01-01,0.94,1354300.0,,-0.13982569524195593,-0.4199300696000758,-0.6661258752740434,-0.27987788242101586,-0.6661258752740434
2004-02-01,1.03,1405509.0,,-0.08719940200021016,0.21052557573638642,-0.6797834231347726,0.06166308686808813,-0.6797834231347726
2004-03-01,1.04,1493819.0,,-0.5481145311166085,0.6569058688924968,-0.4046497116984507,0.05439566888794417,-0.4046497116984507
2004-04-01,1.03,1382514.0,,-0.12929018182378776,-0.2210586717362624,-0.7245567321302984,-0.1751744267800251,-0.7245567321302984
2004-05-01,1.03,1390667.0,,0.2533054669892356,1.5176097887407534,-0.3967716097115269,0.8854576278649945,-0.3967716097115269
2004-06-01,1.02,1347362.0,,-0.03143414095424559,-0.8271592933853121,-0.7784413098741457,-0.42929671716977885,-0.7784413098741457
2004-07-01,1.4,1314783.0,,-0.26895698630472586,0.07484831438904672,-0.7490092591316339,-0.09705433595783958,-0.7490092591316339
2004-08-01,1.29,1382251.0,,-0.2648483582050128,0.2983985421262584,-0.5537462061337017,0.016775091960622796,-0.5537462061337017
2004-09-01,1.53,1394564.0,,-0.22434626135358204,0.009782093401469186,-0.9747550110908683,-0.10728208397605643,-0.9747550110908683
2004-10-01,1.86,1384015.0,,-0.3437560072164707,-0.37059102691675777,-0.824557796627881,-0.35717351706661427,-0.824557796627881
2004-11-01,1.83,1478802.0,,-0.21288913146887017,-1.3048791603854413,-1.0473139475690432,-0.7588841459271557,-1.0473139475690432
2004-12-01,2.04,1445467.0,,-0.11878340071140715,-0.23899880669515688,-1.2220476310235246,-0.178891103703282,-1.2220476310235246
2005-01-01,1.97,1473561.0,,-0.03929488373497866,-0.09545179419295889,-1.055653253981352,-0.06737333896396877,-1.055653253981352
2005-02-01,2.4,1514085.0,,-0.20820917995584406,0.6195684219595878,-1.3283999863600775,0.20567962100187187,-1.3283999863600775
2005-03-01,2.39,1505173.0,,0.2297836500794143,0.17032579489738814,-1.0903620997804724,0.20005472248840123,-1.0903620997804724
2005-04-01,2.83,1473513.0,,0.13785015831887082,0.720837319129856,-0.8686858319669196,0.42934373872436343,-0.8686858319669196
2005-05-01,2.97,1477619.0,,-0.04573676015825031,-0.1426039153132207,-0.9440806305410395,-0.09417033773573551,-0.9440806305410395
2005-06-01,3.02,1442122.0,,-0.0984541066403811,0.7828783005315407,-1.2778325297591977,0.3422120969455798,-1.2778325297591977
2005-07-01,3.36,1476503.0,,-0.06986581939983337,1.1058019331990314,-1.400278424702091,0.517968056899599,-1.400278424702091
2005-08-01,3.3,1513847.0,,-0.05397241532461306,-0.3879456281070445,-1.0845334958372361,-0.2209590217158288,-1.0845334958372361
2005-09-01,3.57,1481357.0,,-0.20866199318857476,0.2595192988647003,-1.1302069029190793,0.025428652838062782,-1.1302069029190793
2005-10-01,3.93,1477546.0,,0.002413569865979184,1.215342621148284,-0.7519097038931093,0.6088780955071317,-0.7519097038931093
2005-11-01,3.99,1519701.0,,0.13914003325705532,1.1575895447255629,-1.1979502781605065,0.6483647889913091,-1.1979502781605065
2005-12-01,4.03,1556071.0,,0.03177316544988192,0.04119533789354404,-1.3324042605550608,0.036484251671712986,-1.3324042605550608
2006-01-01,4.09,1528656.0,,-0.08431982405873024,-0.8891859794631645,-1.1989623305129213,-0.4867529017609474,-1.1989623305129213
2006-02-01,4.47,1523477.0,,0.02355638731100075,0.7863949292994759,-1.1219283835587728,0.4049756583052383,-1.1219283835587728
2006-03-01,4.52,1448629.0,,0.01710695386471236,-0.14160553093715766,-1.2395376705299093,-0.06224928853622265,-1.2395376705299093
2006-04-01,5.0,1299799.0,,0.09095616951338456,-0.02503789350225501,-1.207103484634992,0.03295913800556478,-1.207103484634992
2006-05-01,4.84,1227935.0,,0.33164854324014004,-1.6590159849258221,-0.7830994844556055,-0.663683720842841,-0.7830994844556055
2006-06-01,5.02,1138328.0,,0.27141523395165956,0.9793900113158764,-0.3839084968764727,0.625402622633768,-0.3839084968764727
2006-07-01,5.05,1159675.0,,0.22273820781494014,0.4051407235532219,-0.6394786507588294,0.31393946568408104,-0.6394786507588294
2006-08-01,5.27,1132672.0,,0.27359570309590087,0.09123578080517172,-0.9549864790675199,0.18241574195053628,-0.9549864790675199
2006-09-01,5.25,1174523.0,,0.14666049401691444,0.44676928472799227,-1.137731914285199,0.2967148893724534,-1.137731914285199
2006-10-01,5.34,1151993.0,,0.06019800058492569,0.47328963738375623,-1.2717155913343314,0.26674381898434096,-1.2717155913343314
2006-11-01,5.23,1185414.0,,-0.054176831384858556,-0.36519420821967596,-1.3414476248634197,-0.20968551980226727,-1.3414476248634197
2006-12-01,5.27,1155436.0,,-0.03860914924028437,0.039139116155258905,-1.3089373934346522,0.0002649834574872667,-1.3089373934346522
2007-01-01,5.17,1146223.0,,0.10796889814516954,1.0081942252265792,-1.287930653695605,0.5580815616858744,-1.287930653695605
2007-02-01,5.29,1176947.0,,0.13826822886029566,0.051284364516627,-1.2617703117409977,0.09477629668846133,-1.2617703117409977
2007-03-01,5.31,1127409.0,,-0.022411392238205208,-0.976111797548865,-0.6157554277081939,-0.4992615948935351,-0.6157554277081939
2007-04-01,5.3,1060053.0,,0.09267315714879615,0.5627768702855721,-0.9700269926057387,0.3277250137171841,-0.9700269926057387
2007-05-01,5.26,1075105.0,,0.06238566353866463,0.6053645291833823,-0.9073400143339818,0.33387509636102347,-0.9073400143339818
2007-06-01,5.23,1000712.0,,0.2669721669922679,0.6173251297875799,-0.6395218852183655,0.4421486483899239,-0.6395218852183655
2007-07-01,5.31,1077171.0,,0.2612654193894134,-0.35888286239489575,-0.2638419742276412,-0.04880872150274118,-0.2638419742276412
2007-08-01,5.3,1107917.0,,0.15309824625196344,-1.429096303289467,0.9844083061150306,-0.6379990285187518,0.9844083061150306
2007-09-01,4.96,1110324.0,,-0.15039078834828018,-0.5044233057142058,0.5259275724988621,-0.327407047031243,0.5259275724988621
2007-10-01,4.92,1073472.0,,-0.05236361639274378,0.3063731213201985,0.02672178403355101,0.12700475246372736,0.02672178403355101
2007-11-01,4.59,1114939.0,,-0.3411778491551481,-1.5313720202890264,1.07066454201508,-0.9362749347220872,1.07066454201508
2007-12-01,4.66,1112844.0,,-0.42924155059960883,0.5048866865899048,0.4317722737037456,0.037822567995147965,0.4317722737037456
2008-01-01,3.06,1130604.0,,-0.7131148479021604,-1.5173809789803339,1.1029983877421434,-1.1152479134412472,1.1029983877421434
2008-02-01,3.12,1142477.0,,-0.7181976715705737,-0.2219489344884863,1.0394962278087188,-0.47007330302953,1.0394962278087188
2008-03-01,3.01,1134262.0,,-0.7641472406486127,-2.1764334332065998,1.2990037145245237,-1.4702903369276061,1.2990037145245237
2008-04-01,2.38,1072225.0,,-0.9728515047525738,0.7591230236833505,0.3995680788568586,-0.10686424053461163,0.3995680788568586
2008-05-01,2.16,1101273.0,,-0.9385548717412067,0.6588652170426723,-0.12962143016772018,-0.13984482734926718,-0.12962143016772018
2008-06-01,1.98,1014199.0,,-0.49240428244529344,0.9499137320695367,0.4888595921337823,0.2287547248121216,0.4888595921337823
2008-07-01,2.11,1083652.0,,-0.5221397005892823,0.029086235013925214,0.8462374015896482,-0.24652673278767853,0.8462374015896482
2008-08-01,2.04,1098870.0,,-0.5386032874710113,0.9120269544888928,0.25386868337042406,0.18671183350894077,0.25386868337042406
2008-09-01,1.94,1125287.0,,-0.8168247672191175,-0.910803636300133,1.7973422939387254,-0.8638142017596252,1.7973422939387254
2008-10-01,1.15,1168028.0,,-0.6759991458223387,-2.3010520337038285,6.2057324979230595,-1.4885255897630836,6.2057324979230595
2008-11-01,0.22,1215262.0,,-0.8740935383319656,-1.0583941037003641,5.898712752365484,-0.9662438210161648,5.898712752365484
2008-12-01,0.52,1227708.0,,-1.9243588228566761,-2.138438668757486,4.297798280939833,-2.0313987458070812,4.297798280939833
2009-01-01,0.14,1195135.0,,-1.8575901173388507,-0.39020544462524354,3.2010117172143144,-1.1238977809820472,3.2010117172143144
2009-02-01,0.23,1221730.0,,-1.4593686733324809,1.1899353355368778,3.231754646735494,-0.13471666889780154,3.231754646735494
2009-03-01,0.22,1238886.0,,-1.555211517565075,1.9475238760356537,3.0628185123742124,0.19615617923528939,3.0628185123742124
2009-04-01,0.16,1147983.0,,-1.5126103515936766,0.45504792872912425,2.201620038820855,-0.5287812114322762,2.201620038820855
2009-05-01,0.22,1187973.0,,-1.1886505504228086,-0.7854816471969073,1.4452667682674225,-0.987066098809858,1.4452667682674225
2009-06-01,0.21,1098429.0,,-0.5818060970734543,0.0523698220040823,1.0927888584817231,-0.264718137534686,1.0927888584817231
2009-07-01,0.2,1147349.0,,-0.7814266211046286,-0.7943456789670293,0.7260973337742679,-0.787886150035829,0.7260973337742679
2009-08-01,0.18,1171842.0,,-0.6719025598075233,0.2716015616650337,0.6231457746448508,-0.20015049907124483,0.6231457746448508
2009-09-01,0.15,1163248.0,,-0.8125588802232828,-1.3529506190211538,0.5712039427028641,-1.0827547496222183,0.5712039427028641
2009-10-01,0.11,1114000.0,,-0.9865658694788432,-0.29338571932107166,0.48711393283987237,-0.6399757943999574,0.48711393283987237
2009-11-01,0.11,1172964.0,,-0.7993156879614611,-0.3750514814568744,0.4290635810145427,-0.5871835847091678,0.4290635810145427
2009-12-01,0.13,1225336.0,,-0.6103086647566498,0.35432562466078454,0.11469592465747765,-0.12799152004793263,0.11469592465747765
2010-01-01,0.05,1224342.0,,-0.48971029263731314,0.5397697360019608,0.040976528486529724,0.025029721682323813,0.040976528486529724
2010-02-01,0.14,1267675.0,,-0.5208005976903536,-0.31908967185582937,0.27504653476858504,-0.4199451347730915,0.27504653476858504
2010-03-01,0.14,1218241.0,,-0.5524446973982544,0.30765578944090255,-0.3158495037954571,-0.12239445397867593,-0.3158495037954571
2010-04-01,0.17,1142013.0,,-0.3341816292584261,1.1658048018034894,-0.3576304596482989,0.4158115862725317,-0.3576304596482989
2010-05-01,0.2,1209586.0,,-0.7774622009001343,-0.5219791227643753,1.4379178730171969,-0.6497206618322549,1.4379178730171969
2010-06-01,0.2,1132336.0,,-0.8183119098150823,-0.40288986565495605,1.1822070546950962,-0.6106008877350192,1.1822070546950962
2010-07-01,0.17,1173742.0,,-1.0246583941404628,-1.2975182762266932,0.6406735884698933,-1.1610883351835781,0.6406735884698933
2010-08-01,0.18,1230414.0,,-1.3100952205197554,-0.8329965195570378,0.5375236071697151,-1.0715458700383966,0.5375236071697151
2010-09-01,0.19,1203317.0,,-1.221036979736525,-0.36327066583212136,0.25984911784253695,-0.7921538227843232,0.25984911784253695
2010-10-01,0.2,1214171.0,,-1.3395607720491707,-1.0895404682514782,-0.007305634015509253,-1.2145506201503244,-0.007305634015509253
2010-11-01,0.2,1270457.0,,-1.3707496457634916,0.4412103531339687,-0.041881413447889954,-0.4647696463147614,-0.041881413447889954
2010-12-01,0.2,1287104.0,,-0.748204321054535,0.45016308297564084,-0.35709076575886706,-0.1490206190394471,-0.35709076575886706
2011-01-01,0.13,1279996.0,,-0.7202480908953752,-0.23712910164395162,-0.38804034484375444,-0.4786885962696634,-0.38804034484375444
2011-02-01,0.18,1301181.0,,-0.5463645678720437,0.04333010331576319,-0.37282921971698885,-0.25151723227814027,-0.37282921971698885
2011-03-01,0.15,1423631.0,,-0.6953975931775661,-0.3212655563041897,0.04119895843176404,-0.5083315747408779,0.04119895843176404
2011-04-01,0.11,1346213.0,,-0.649161674243822,0.7774809688775072,-0.5218376097564947,0.0641596473168426,-0.5218376097564947
2011-05-01,0.09,1351200.0,,-0.8587194487900817,-0.8512950024745557,-0.4366183160247231,-0.8550072256323187,-0.4366183160247231
2011-06-01,0.1,1295844.0,,-1.0032651275685012,-0.23930528644207508,-0.15304261679453243,-0.6212852070052881,-0.15304261679453243
2011-07-01,0.08,1344737.0,,-0.9885539697810241,-0.46958088840668355,-0.14335057495352813,-0.7290674290938538,-0.14335057495352813
2011-08-01,0.17,1414829.0,,-1.70280881491327,-1.004754619846533,1.8451200797066616,-1.3537817173799014,1.8451200797066616
2011-09-01,0.08,1376890.0,,-1.996317200546636,0.008807272735548679,2.014785447592766,-0.9937549639055437,2.014785447592766
2011-10-01,0.06,1329858.0,,-1.853954449005088,0.017061154350334378,1.5403084159412357,-0.9184466473273769,1.5403084159412357
2011-11-01,0.08,1432056.0,,-2.0140990082738592,0.5398042570520241,1.4210397731779456,-0.7371473756109176,1.4210397731779456
2011-12-01,0.08,1430219.0,,-1.9353180314872445,0.20533933605388136,0.558405985704819,-0.8649893477166816,0.558405985704819
2012-01-01,0.04,1369064.0,,-1.9177223795972194,-0.3173318704674607,-0.04436748773632601,-1.11752712503234,-0.04436748773632601
2012-02-01,0.11,1442443.0,,-1.9031464184836184,0.82380839845097,-0.27033695892610327,-0.5396690100163242,-0.27033695892610327
2012-03-01,0.11,1394569.0,,-1.673165234795717,1.955990153451328,-0.5518521984870499,0.14141245932780544,-0.5518521984870499
2012-04-01,0.09,1412065.0,,-1.7333278136246701,-0.4786871749195497,-0.3430049491626573,-1.1060074942721099,-0.3430049491626573
2012-05-01,0.16,1428007.0,,-1.9119245407343872,-0.6615589397115942,0.057134365174153455,-1.2867417402229906,0.057134365174153455
2012-06-01,0.16,1436265.0,,-2.0249831746609765,-0.08271510634570214,0.07328707846870815,-1.0538491405033394,0.07328707846870815
2012-07-01,0.09,1454954.0,,-2.0960500222355574,-0.0971618576881319,-0.37654243263412024,-1.0966059399618446,-0.37654243263412024
2012-08-01,0.14,1499672.0,,-1.939746697616303,-0.03196800620324422,-0.6124072138268786,-0.9858573519097735,-0.6124072138268786
2012-09-01,0.13,1499208.0,,-1.8325124562975144,-0.1835680984318488,-0.6619578909789893,-1.0080402773646815,-0.6619578909789893
2012-10-01,0.15,1537316.0,,-1.7974978443464875,0.5116420507905505,-0.5349283056843701,-0.6429278967779686,-0.5349283056843701
2012-11-01,0.17,1563579.0,,-1.8299731740100171,1.0437643020321146,-0.4797776336562809,-0.3931044359889513,-0.4797776336562809
2012-12-01,0.16,1583627.0,,-1.8187261415218081,1.3530377760485028,-0.40196254455972663,-0.23284418273665264,-0.40196254455972663
2013-01-01,0.09,1597903.0,,-1.5997709658879204,2.371599257195692,-0.8834201084151617,0.3859141456538858,-0.8834201084151617
2013-02-01,0.14,1635325.0,,-1.4112568003281063,1.6927450202684757,-0.8086943929186629,0.14074410997018472,-0.8086943929186629
2013-03-01,0.14,1648127.0,,-1.2508237992267144,0.7678418096295043,-0.9382816482808184,-0.24149099479860503,-0.9382816482808184
2013-04-01,0.16,1746913.0,,-1.5450499041055719,1.2225951892735967,-0.8164859412735953,-0.1612273574159876,-0.8164859412735953
2013-05-01,0.14,1842861.0,,-1.657853981197758,1.246021526647926,-0.8741754353275385,-0.20591622727491599,-0.8741754353275385
2013-06-01,0.09,1870684.0,,-1.2141877388805173,-1.343813721630957,-0.39103289007595343,-1.2790007302557371,-0.39103289007595343
2013-07-01,0.1,1967581.0,,-0.8904031389313496,0.9804332207595333,-0.8102252306671273,0.045015040914091864,-0.8102252306671273
2013-08-01,0.08,2056918.0,,-0.6466587687595535,-0.6564588997060852,-0.7778923735635436,-0.6515588342328194,-0.7778923735635436
2013-09-01,0.07,2088625.0,,-0.5317098011927394,0.5846569877551067,-0.7142800706489314,0.02647359328118365,-0.7142800706489314
2013-10-01,0.08,2155142.0,,-0.6474334052090787,-0.49922528405362293,-0.6210414475923404,-0.5733293446313508,-0.6210414475923404
2013-11-01,0.08,2240888.0,,-0.5564600723924172,0.9273234518571591,-0.9365921844025142,0.18543168973237095,-0.9365921844025142
2013-12-01,0.07,2241897.0,,-0.45239159459290007,1.2979956422636665,-0.7717018118374666,0.42280202383538323,-0.7717018118374666
2014-01-01,0.07,2321780.0,,-0.4205075817586442,0.15361927624994176,-0.7633663866376716,-0.13344415275435123,-0.7633663866376716
2014-02-01,0.07,2404502.0,,-0.5434234259666983,-0.5547120941982164,-0.6040187148657551,-0.5490677600824574,-0.6040187148657551
2014-03-01,0.06,2415798.0,,-0.5474930811634229,0.12477732378742072,-0.6837547568717579,-0.21135787868800107,-0.6837547568717579
2014-04-01,0.08,2461764.0,,-0.5700207177661181,0.08915857156489232,-0.7638906073441695,-0.24043107310061287,-0.7638906073441695
2014-05-01,0.09,2539730.0,,-0.6738849212357314,-0.20847991389481024,-0.9825530546710485,-0.4411824175652708,-0.9825530546710485
2014-06-01,0.08,2577613.0,,-0.6006188215085271,0.1534457331700614,-1.0987247132537894,-0.22358654416923285,-1.0987247132537894
2014-07-01,0.1,2689676.0,,-0.6480026413729677,-0.07481684403156608,-0.9980938760218212,-0.3614097427022669,-0.9980938760218212
2014-08-01,0.09,2758955.0,,-0.732357520919095,0.49304131657116085,-0.8416669617877703,-0.11965810217396708,-0.8416669617877703
2014-09-01,0.07,2770994.0,,-0.62174938365635,1.65949972445174,-0.842483719495817,0.518875170397695,-0.842483719495817
2014-10-01,0.09,2868380.0,,-0.8250972724476795,0.2501583689871106,-0.24999929562208947,-0.2874694517302845,-0.24999929562208947
2014-11-01,0.07,2973747.0,,-0.7540981603397692,2.806262273246938,-0.8474345652240802,1.0260820564535846,-0.8474345652240802
2014-12-01,0.13,3002117.0,,-0.7813807011078987,0.9910105174002236,-0.47450685985571817,0.10481490814616246,-0.47450685985571817
2015-01-01,0.06,3111731.0,,-1.0591675680919739,-0.3151154751820548,-0.10859896166095746,-0.6871415216370144,-0.10859896166095746
2015-02-01,0.06,3204418.0,,-1.0154394255085086,0.18757982789173366,-0.5240977591863213,-0.4139297988083875,-0.5240977591863213
2015-03-01,0.06,3235937.0,,-1.0146601135960929,0.5401689648223761,-0.6641075750262748,-0.2372455743868584,-0.6641075750262748
2015-04-01,0.12,3328186.0,,-1.0605435246047283,-0.2552718423356435,-0.8329107859849241,-0.6579076834701859,-0.8329107859849241
2015-05-01,0.13,3431402.0,,-0.8373662562868549,0.42943475541151876,-0.8507964447313175,-0.20396575043766807,-0.8507964447313175
2015-06-01,0.12,3454395.0,,-0.7303760986217018,0.9259275434468335,-0.7189020083104853,0.09777572241256582,-0.7189020083104853
2015-07-01,0.13,3542941.0,,-0.7224302827785064,-0.10531624939279366,-0.7154193358587475,-0.41387326608565,-0.7154193358587475
2015-08-01,0.08,3614591.0,,-0.8526961473584984,-0.07451466755568677,-0.054638848182350486,-0.4636054074570926,-0.054638848182350486
2015-09-01,0.14,3661278.0,,-0.8132944767317607,-0.8711977976613686,0.5893647090855517,-0.8422461371965646,0.5893647090855517
2015-10-01,0.13,3735537.0,,-0.8659355588938661,-0.008311038950286754,-0.40025594434567346,-0.4371232989220764,-0.40025594434567346
2015-11-01,0.07,3812542.0,,-0.6629777778459575,0.8364893514495938,-0.4750649030783454,0.08675578680181817,-0.4750649030783454
2015-12-01,0.13,3831076.0,,-0.6514978509242538,-0.29379224244128876,-0.2370827665772946,-0.4726450466827713,-0.2370827665772946
2016-01-01,0.2,3964498.0,,-0.6317619442488658,-1.0609417751017955,0.5079649033057978,-0.8463518596753307,0.5079649033057978
2016-02-01,0.38,4037909.0,,-0.7821668777335004,-1.1553405100853342,0.34975776147491267,-0.9687536939094172,0.34975776147491267
2016-03-01,0.36,4056481.0,,-0.6816048937167665,-0.5352410007422629,-0.5253576371270358,-0.6084229472295146,-0.5253576371270358
2016-04-01,0.37,4144163.0,,-0.7309826355216321,-1.1268558342144075,-0.727318301366448,-0.9289192348680197,-0.727318301366448
2016-05-01,0.3,4256697.0,,-0.6916868198020152,-0.21189671365511137,-0.6531216154637989,-0.45179176672856325,-0.6531216154637989
2016-06-01,0.37,4327586.0,,-0.7445046265101619,-1.2100681569251275,-0.26767501400736404,-0.9772863917176446,-0.26767501400736404
2016-07-01,0.41,4430848.0,,-0.9255696553714374,-0.3840788501176947,-0.8743982656588806,-0.654824252744566,-0.8743982656588806
2016-08-01,0.4,4529802.0,,-0.9985271125757467,-1.0573540693273107,-0.9716221147923284,-1.0279405909515287,-0.9716221147923284
2016-09-01,0.4,4568058.0,,-0.9025803918447538,0.24857491857993133,-0.7295975535566633,-0.32700273663241125,-0.7295975535566633
2016-10-01,0.29,4633922.0,,-0.7965657356986033,0.831596670314539,-0.6797311792151719,0.017515467307967825,-0.6797311792151719
2016-11-01,0.41,4711310.0,,-0.4725788477540135,1.6684595004719014,-0.5924131178208322,0.597940326358944,-0.5924131178208322
2016-12-01,0.41,4764980.0,,-0.12533447756985552,2.579158941658106,-0.9554057205188605,1.2269122320441253,-0.9554057205188605
2017-01-01,0.55,4819817.0,,-0.23494924046047674,-0.3429889288155091,-1.066243636236333,-0.2889690846379929,-1.066243636236333
2017-02-01,0.66,4879011.0,,-0.21197959706248323,-0.6248169237752942,-1.0730054457728626,-0.4183982604188887,-1.0730054457728626
2017-03-01,0.66,4900893.0,,-0.1612270103401443,0.030842396947208278,-1.021199551562452,-0.06519230669646801,-1.021199551562452
2017-04-01,0.82,4977463.0,,-0.3029160503423002,-0.9324522252380938,-0.8550689812182204,-0.6176841377901969,-0.8550689812182204
2017-05-01,0.91,5008008.0,,-0.322224369917812,0.767190228811395,-1.1519755155336893,0.2224829294467915,-1.1519755155336893
2017-06-01,0.91,5021084.0,,-0.4824210136713796,-0.42332409004288507,-1.1936892220562858,-0.4528725518571323,-1.1936892220562858
2017-07-01,1.06,5055602.0,,-0.34247728163323404,0.5431932628121611,-1.221999279914995,0.10035799058946351,-1.221999279914995
2017-08-01,1.16,5115845.0,,-0.38847037465963496,-0.8580736811106782,-0.9929532464517989,-0.6232720278851566,-0.9929532464517989
2017-09-01,1.16,5134438.0,,-0.4485121432528863,0.35999247425875697,-1.1917435610304707,-0.044259834497064665,-1.1917435610304707
2017-10-01,1.06,5180461.0,,-0.28488513134727006,0.7604003055996045,-1.228368988056428,0.2377575871261672,-1.228368988056428
2017-11-01,1.16,5218600.0,,-0.2595528320214819,-0.003735310732423049,-1.1694616093938777,-0.13164407137695247,-1.1694616093938777
2017-12-01,1.16,5214161.0,,-0.2173286763277596,0.06991655032304347,-1.2014574864884884,-0.07370606300235806,-1.2014574864884884
2018-01-01,1.33,5267036.0,,-0.06055316133410364,-0.6796398714295212,-1.092749353689077,-0.3700965163818124,-1.092749353689077
2018-02-01,1.42,5331792.0,,0.2716378241127702,-0.9847453255878582,0.40854176020763555,-0.35655375073754403,0.40854176020763555
2018-03-01,1.42,5282856.0,,0.25344714682447456,-0.6553181120978625,-0.045213885124973104,-0.20093548263669397,-0.045213885124973104
2018-04-01,1.67,5350510.0,,0.2763103759742538,0.6133138409005295,-0.14487667136791196,0.44481210843739166,-0.14487667136791196
2018-05-01,1.7,5408036.0,,0.4141752359024416,0.751510426004902,-0.6913974571070841,0.5828428309536718,-0.6913974571070841
2018-06-01,1.7,5370168.0,,0.34315445938349654,0.16296428128019072,-0.748782385653631,0.2530593703318436,-0.748782385653631
2018-07-01,1.91,5463108.0,,0.2851238379401801,0.537233798056135,-0.8170563102902891,0.4111788179981576,-0.8170563102902891
2018-08-01,1.91,5509363.0,,0.23080539753306215,-0.15208687370328358,-0.8943103324336972,0.03935926191488928,-0.8943103324336972
2018-09-01,1.91,5456615.0,,0.338600480927897,0.41084592844468004,-0.8440119952276417,0.3747232046862885,-0.8440119952276417
2018-10-01,2.18,5518054.0,,0.49278654723561227,0.24353491056433865,0.01025238482925124,0.3681607288999755,0.01025238482925124
2018-11-01,2.2,5555010.0,,0.50243287575183,0.2391527477279968,0.015127737728031623,0.3707928117399134,0.015127737728031623
2018-12-01,2.2,5520843.0,,0.29625467190993765,-0.3635690538121241,0.7534621188234859,-0.033657190951093235,0.7534621188234859
2019-01-01,2.4,5569180.0,,0.15590004314777836,-1.1058320061407485,0.03731092705371019,-0.47496598149648506,0.03731092705371019
2019-02-01,2.4,5619262.0,,0.13120727576997807,0.5546621053253407,-0.5397909809022327,0.34293469054765935,-0.5397909809022327
2019-03-01,2.4,5570243.0,,0.10339170052219479,0.2770300567190866,-0.6384976279184209,0.19021087862064068,-0.6384976279184209
2019-04-01,2.41,5620357.0,,0.00663213308800538,0.20297860176689572,-0.8415647739469414,0.10480536742745056,-0.8415647739469414
2019-05-01,2.45,5671565.0,,-0.08882637251615456,-0.5574693665605521,-0.3370726093004945,-0.32314786953835334,-0.3370726093004945
2019-06-01,2.4,5648665.0,,-0.3631986110482206,-0.6491489762643899,-0.4547701168054068,-0.5061737936563053,-0.4547701168054068
2019-07-01,2.39,5683142.0,,-0.3844115798629448,0.11099980899301527,-0.7917191085063617,-0.13670588543496476,-0.7917191085063617
2019-08-01,2.14,5727192.0,,-0.7262542608453663,-0.7312010575976244,-0.0316591860405266,-0.7287276592214953,-0.0316591860405266
2019-09-01,2.13,5698026.0,,-0.7157928051279404,0.5282428172270098,-0.4896280404039059,-0.09377499395046529,-0.4896280404039059
2019-10-01,1.88,5756702.0,,-0.7774703875912903,0.2492985258376171,-0.501169592442111,-0.26408593087683657,-0.501169592442111
2019-11-01,1.57,5785322.0,,-0.737058740552319,0.29245841135251527,-0.8945731965622554,-0.22230016459990187,-0.8945731965622554
2019-12-01,1.56,5730531.0,,-0.7401391784329681,0.11886387147848962,-0.7271935279641886,-0.3106376534772392,-0.7271935279641886
2020-01-01,1.55,5783352.0,,-0.8101388627972369,0.0907128806384499,-0.7009430870615804,-0.3597129910793935,-0.7009430870615804
2020-02-01,1.59,5849208.0,,-0.9875257503247765,0.3044598875963854,0.0649017598619753,-0.34153293136419555,0.0649017598619753
2020-03-01,1.58,6044846.0,,-1.851453544702272,-0.8237377355067488,5.012747607530329,-1.3375956401045104,5.012747607530329
2020-04-01,0.06,6190306.0,,-2.021041924981761,0.05848609605734195,2.8551520725825337,-0.9812779144622095,2.8551520725825337
2020-05-01,0.05,6385922.0,,-2.0324372018241004,-0.16545051932353405,1.4871019035674369,-1.0989438605738173,1.4871019035674369
2020-06-01,0.05,6489462.0,,-1.9919504806759518,0.1718712487004647,1.5089537256666932,-0.9100396159877435,1.5089537256666932
2020-07-01,0.08,6658852.0,,-2.0690864655148045,-0.29859246938897577,0.956486407852318,-1.1838394674518902,0.956486407852318
2020-08-01,0.1,6828990.0,,-2.0635088655439753,-0.21592181392309345,0.4479105843760876,-1.1397153397335344,0.4479105843760876
2020-09-01,0.09,6900269.0,,-1.9860891500550528,-0.12502457003449932,1.0571239509279515,-1.055556860044776,1.0571239509279515
2020-10-01,0.09,6982309.0,,-1.8859238737959974,-0.10877443381645384,1.2829377748191795,-0.9973491538062256,1.2829377748191795
2020-11-01,0.09,7053047.0,,-1.776827056308836,-0.27023080476773165,0.7103590460287202,-1.0235289305382838,0.7103590460287202
2020-12-01,0.09,7025822.0,,-1.6896802713345502,-0.19829099502573325,0.37259884449052005,-0.9439856331801417,0.37259884449052005
2021-01-01,0.09,7094935.0,,-1.563144010105517,0.03325770088732116,0.6977729042537506,-0.7649431546090979,0.6977729042537506
2021-02-01,0.08,7126021.0,,-1.4702272125266769,0.6420557707211977,0.46898038150862603,-0.4140857209027396,0.46898038150862603
2021-03-01,0.07,7145566.0,,-1.0623011127715893,1.2713151436544246,0.30116484819883066,0.1045070154414176,0.30116484819883066
2021-04-01,0.07,7202316.0,,-1.0023989236579367,0.15738171322513,-0.2702108995702517,-0.4225086052164033,-0.2702108995702517
2021-05-01,0.05,7246409.0,,-1.0039428940238782,0.05507850207511418,0.032904869887419044,-0.47443219597438196,0.032904869887419044
2021-06-01,0.06,7169006.0,,-1.076863783375773,0.39359107112463615,-0.32965619742420743,-0.3416363561255684,-0.32965619742420743
2021-07-01,0.1,7229429.0,,-1.247556913672462,0.06816636394773419,-0.24549669545645425,-0.589695274862364,-0.24549669545645425
2021-08-01,0.07,7267102.0,,-1.285697472588357,-0.10273030580412787,-0.2620804225129865,-0.6942138891962424,-0.2620804225129865
2021-09-01,0.08,7240579.0,,-1.2324560921651877,0.14196905523882805,0.04353774780056111,-0.5452435184631799,0.04353774780056111
2021-10-01,0.08,7251886.0,,-1.0421951266518183,1.0941310256885908,-0.21036674039098419,0.025967949518386213,-0.21036674039098419
2021-11-01,0.08,7282186.0,,-1.0162936024306992,0.32490285411159164,-0.12823395576765054,-0.34569537415955376,-0.12823395576765054
2021-12-01,0.08,7237659.0,,-1.1336123271704277,-0.021340158503576696,0.24378081153859635,-0.5774762428370022,0.24378081153859635
2022-01-01,0.07,7251444.0,,-0.9216822050142108,0.3754239016924057,0.4815864088710062,-0.27312915166090257,0.4815864088710062
2022-02-01,0.08,7305553.0,,-0.7512909639985056,0.182651464402601,0.8155223226258104,-0.28431974979795227,0.8155223226258104
2022-03-01,0.08,7362535.0,,-0.5777425209501791,1.1629894967172785,0.9726921552355428,0.2926234878835497,0.9726921552355428
2022-04-01,0.33,7386915.0,,0.07096384422673033,2.571046802873574,0.6320475636262626,1.321005323550152,0.6320475636262626
2022-05-01,0.33,7364911.0,,0.20870584502687814,0.7910761130573548,1.2744920423672403,0.4998909790421165,1.2744920423672403
2022-06-01,0.83,7327306.0,,0.4780374880658215,1.5684585278175522,1.1298408323928582,1.0232480079416868,1.1298408323928582
2022-07-01,1.58,7253573.0,,0.2633606701052099,0.8202284244455887,0.7050695415166423,0.5417945472753993,0.7050695415166423
2022-08-01,2.33,7092488.0,,0.22257924476869656,-0.4137699315625466,0.3348500251360927,-0.09559534339692502,0.3348500251360927
2022-09-01,2.33,6857902.0,,0.8590342167999103,2.29559262528449,1.009809918256712,1.5773134210422002,1.009809918256712
2022-10-01,3.08,6959532.0,,1.342232503385763,1.0347723390309949,1.353876377677744,1.188502421208379,1.353876377677744
2022-11-01,3.08,6998931.0,,1.2348161826144815,-1.2679989073381939,0.47553120762781764,-0.01659136236185621,0.47553120762781764
2022-12-01,3.83,7039414.0,,0.7722163940575789,-2.1496491119133085,0.2767376994055368,-0.6887163589278649,0.2767376994055368
2023-01-01,4.33,7337761.0,,0.596481252585817,-1.3253332850137165,0.06483668179498828,-0.36442601621394977,0.06483668179498828
2023-02-01,4.33,7395800.0,,0.8127969280979092,0.7915847305895609,0.05838850967982348,0.802190829343735,0.05838850967982348
2023-03-01,4.58,7351165.0,,0.9128751724101921,0.1922934504063251,0.2583786259999414,0.5525843114082586,0.2583786259999414
2023-04-01,4.83,7400726.0,,0.6270122996886762,-0.04830878825702086,-0.24493910032904476,0.28935175571582766,-0.24493910032904476
2023-05-01,4.83,7455518.0,,0.6986865093217702,1.0582329372414423,-0.2685373508381965,0.8784597232816063,-0.2685373508381965
2023-06-01,5.08,7328285.0,,0.9194081177200565,1.232131445241801,-0.7463732098498738,1.0757697814809288,-0.7463732098498738
2023-07-01,5.08,7416142.0,,0.8658131697358016,-0.11623978410826123,-0.7542465883869641,0.3747866928137702,-0.7542465883869641
2023-08-01,5.33,7485376.0,,1.1004999999677363,1.0712497627099271,-0.4996910854805665,1.0858748813388317,-0.4996910854805665
2023-09-01,5.33,7414910.0,,1.1886434078454895,0.8320401418994815,-0.5886792058086199,1.0103417748724854,-0.5886792058086199
2023-10-01,5.33,7506502.0,,1.4322100962321158,0.46543980643305854,-0.09713775050430647,0.9488249513325872,-0.09713775050430647
2023-11-01,5.33,7557805.0,,1.4213430354805612,0.01971062962588385,-0.7406406029570786,0.7205268325532225,-0.7406406029570786
2023-12-01,5.33,7499632.0,,0.9493184191544144,-1.5452127880264483,-0.9109669812116846,-0.297947184436017,-0.9109669812116846
2024-01-01,5.33,7564336.0,,0.8711499462205423,0.6343587229518769,-0.8204476357518204,0.7527543345862096,-0.8204476357518204
2024-02-01,5.33,7604307.0,,1.0482436523778926,0.8918908692178512,-0.7405572613582425,0.970067260797872,-0.7405572613582425
2024-03-01,5.33,7564231.0,-1.1020686428301782,1.0307912816950566,0.05108677935158239,-0.7646847351297243,-0.006730193927846411,-0.7646847351297243
2024-04-01,5.33,7583199.0,-0.4449711900334834,1.223988639793255,1.0644559560473,-0.4520138361319851,0.6144911352690238,-0.4520138361319851
2024-05-01,5.33,7610851.0,-0.6841886500629661,0.9494594667354245,0.5034948843693249,-0.8593572288727269,0.2562552336805944,-0.8593572288727269
2024-06-01,5.33,7536709.0,-0.7911284895789077,0.7814189809542896,0.4992877149233461,-0.9094108667413308,0.16319273543290935,-0.9094108667413308
2024-07-01,5.33,7617141.0,-1.0406008276767729,0.7253033761397263,-0.09480417197045919,-0.6812639557803085,-0.1367005411691686,-0.6812639557803085
2024-08-01,5.33,7648115.0,-1.3366713175927916,0.4881167760703709,-2.940950092508814,-0.024233124763380576,-1.2631682113437448,-0.024233124763380576
2024-09-01,5.33,7532992.0,-1.6543908576920443,0.3681659109408191,-0.906774024885359,-0.24356281362972357,-0.7309996572121947,-0.24356281362972357
2024-10-01,4.83,7568635.0,-1.4380977963960129,0.6775401545102059,1.8709921518818822,0.06274057251648069,0.3701448366653584,0.06274057251648069
2024-11-01,4.83,7599596.0,-1.1895699290537436,0.8305569383173064,0.9902825668610122,-0.4633684054593219,0.21042319204152501,-0.4633684054593219
2024-12-01,4.58,7479920.0,-1.0399233927850515,0.8242605194792842,0.020590633349012566,-0.48257660878366193,-0.0650240799855849,-0.48257660878366193
2025-01-01,4.33,7443455.0,-0.8406164503616504,0.9102840273613304,0.6741361209039184,-0.36204900195281364,0.24793456596786612,-0.36204900195281364
2025-02-01,4.33,7470520.0,-1.022215125505411,0.586528492579906,-1.266620429919411,-0.3342444060152673,-0.5674356876149721,-0.3342444060152673
2025-03-01,4.33,7297669.0,-0.5788291536758216,0.28167070295295593,-0.6652982278095512,0.3185600374594812,-0.32081889284413895,0.3185600374594812
2025-04-01,4.33,7312029.0,0.5525917337977484,0.46627326151131665,-1.3306131170923075,1.6695894814216765,-0.1039160405944141,1.6695894814216765
2025-05-01,4.33,7336035.0,-0.34853358385814104,0.41736290829317974,0.20509331706716738,0.12912024378463804,0.09130754716740203,0.12912024378463804
2025-06-01,4.33,7174942.0,-0.7849777293149068,0.45915574322163416,-0.10737135014245805,-0.14670425770062198,-0.1443977787452436,-0.14670425770062198
2025-07-01,4.33,7214098.0,-1.1477772493228475,0.3338199888238511,0.7384145669474564,-0.4174936934435201,-0.025180897850513324,-0.4174936934435201
2025-08-01,4.33,7240302.0,-1.3350171539986968,0.13857197429660414,0.07318762154340042,-0.501564435894576,-0.3744191860528974,-0.501564435894576
2025-09-01,4.33,6957819.0,-1.565405676825908,-0.0644147503670588,0.10171949053744901,-0.4955875545939935,-0.5093669788851726,-0.4955875545939935
2025-10-01,4.09,6963487.0,-1.3552908640851076,-0.13799163943640114,0.9248808099252793,-0.18619780246084336,-0.18946723119874312,-0.18619780246084336
2025-11-01,3.86,6979490.0,-1.0213374260071104,-0.2644669616525779,0.977181270462775,0.04048814543860784,-0.10287437239897108,0.04048814543860784
2025-12-01,3.89,6777762.0,-1.2254845145217619,-0.4851985256985707,0.19153921779772262,-0.5280898746070155,-0.50638127414087,-0.5280898746070155
2026-01-01,3.64,6828680.0,-1.3099634274080745,-0.6024163060804153,0.18057832680440877,-0.4423171415538289,-0.5772671355613603,-0.4423171415538289
2026-02-01,3.64,6837705.0,-1.1391985600159473,-0.5559808479260346,-0.4029794951955108,-0.03315442463936708,-0.6993863010458309,-0.03315442463936708
2026-03-01,3.64,6630250.0,-0.4193873879603185,-0.6787969157703734,0.9032889340235025,0.8295921742022425,-0.06496512323572982,0.8295921742022425
2026-04-01,3.64,6632533.0,-0.6896028296371053,-0.7818819658280072,0.10078689356515545,0.0467241229972238,-0.456899300633319,0.0467241229972238
2026-05-01,3.64,6643630.0,-0.5834526607754676,-0.7482359814105484,-0.25127385018765763,-0.3017145883789337,-0.5276541641245579,-0.3017145883789337
2026-06-01,3.62,6395509.0,-0.5443760393808962,-0.7830198244887883,0.6478379225607444,-0.21064419501847764,-0.22651931376964665,-0.21064419501847764
2026-07-01,3.63,6442957.0,-0.3708435575443195,,0.3766761740574349,-0.3210168824881002,0.002916308256557698,-0.3210168824881002
