date,p_R,V_R,capital_headroom,lcr_headroom,nsfr_headroom,hy_oas,usjp_10y_spread,usd_jpy_return,vix,E_p,E_T
1999-01-01,3.82199861904762,1104742.0,935849.1040638437,893625.8800798047,851402.6560957656,,0.2291155368251457,-1.0032717943314817,1.8141249306499116,-0.387078128753168,1.8141249306499116
1999-02-01,3.9742402,1180305.0,992672.3768295599,945764.2210369499,898856.0652443399,,0.29786765280396255,1.03030134136955,1.913328200414925,0.6640844970867563,1.913328200414925
1999-03-01,4.18098443478261,1210646.0,1008178.3167187268,957561.3958984086,906944.4750780903,,0.8313877943168912,0.8388642876683996,1.2763282593146317,0.8351260409926454,1.2763282593146317
1999-04-01,4.04069322727273,1139673.0,955470.2411037763,909419.5513797203,863368.8616556644,,1.029036355358717,0.13944037668312048,0.9452045846817271,0.5842383660209187,0.9452045846817271
1999-05-01,4.20485314285714,1030257.0,856973.8246239773,813653.0307799715,770332.2369359658,,1.5938015667250907,0.6610193507486385,1.4073993412763601,1.1274104587368645,1.4073993412763601
1999-06-01,4.5266515,1463070.0,1198157.6795958,1131929.59949475,1065701.5193937,,1.6293234244643657,-0.29536196906640616,0.9464165737281981,0.6669807276989798,0.9464165737281981
1999-07-01,4.85616086363636,1368647.0,1102792.2000986675,1036328.5001233344,969864.8001480012,,1.4319538388785265,-0.330614890452434,0.4906846870023507,0.5506694742130462,0.4906846870023507
1999-08-01,5.06057286363636,1116012.249933,890105.7976331321,833629.1845581649,777152.5714831981,,1.386567176190687,-1.6671087900040975,1.0584213340202213,-0.14027080690670524,1.0584213340202213
1999-09-01,5.23533545454546,1057511.0,836054.0067251271,780689.7584064088,725325.5100876905,,1.4605778823034383,-1.8060492036899458,1.0865430304201604,-0.17273566069325375,1.0865430304201604
1999-10-01,5.47163580952381,1163197.283544,908613.6071367931,844967.6880349914,781321.7689331898,,1.691410626570416,-0.19331974412404873,0.9866023714866222,0.7490454412231837,0.9866023714866222
1999-11-01,5.18420681818182,1084994.062049,860000.7174825515,803752.3813409393,747504.0451993272,,1.473499367813564,-0.3217558416791837,0.5950908909298137,0.5758717630671901,0.5950908909298137
1999-12-01,5.30435652173913,1013681.0,798603.9830674782,744834.7288343478,691065.4746012174,,1.7267804398811106,-0.563749441356398,0.6514166985572394,0.5815154992623564,0.6514166985572394
2000-01-01,5.69853923809524,1055987.0,815283.6658232609,755107.832279076,694931.9987348914,,2.120730147045042,0.9530821946068474,0.8302008382564569,1.5369061708259446,0.8302008382564569
2000-02-01,5.66359938095238,969189.0,749625.0711829658,694734.0889787071,639843.1067744485,,1.8526101311897043,1.33649277813133,0.893299855663648,1.5945514546605173,0.893299855663648
2000-03-01,5.4906287826087,1051626.0,820662.4806344138,762921.6007930172,705180.7209516206,,1.5621409262932973,-0.860690713987032,0.7330428504127775,0.3507251061531326,0.7330428504127775
2000-04-01,5.4137985,1081486.0,847288.10861716,788738.6357714499,730189.16292574,,1.371633723144053,-0.1276933737778464,1.5031329929251143,0.6219701746831032,1.5031329929251143
2000-05-01,5.51549747826087,1084105.0,844929.8642532,785136.0803165,725342.2963798,,1.7910289161878423,0.9146428585925953,1.3478174536598821,1.3528358873902189,1.3478174536598821
2000-06-01,5.34537513636364,1208919.0,950433.9774208962,885812.7217761202,821191.4661313443,,1.4934298863538342,-0.5987476944442859,0.4936341351125661,0.44734109595477417,0.4936341351125661
2000-07-01,5.45373552380952,1125190.0,879730.4530385906,818365.5662982382,757000.679557886,,1.4139203779318703,0.7270431468468536,0.20168511653704665,1.0704817623893619,0.20168511653704665
2000-08-01,5.3981782173913,1092939.0,856943.8198905028,797945.0248631284,738946.2298357543,,1.140068467580806,0.03688338949616284,-0.11797829684105386,0.5884759285384844,-0.11797829684105386
2000-09-01,5.46718466666667,1129178.0,882241.0140985065,820506.7676231331,758772.5211477599,,0.9929016520087823,-0.30869378755971444,0.1661271659326219,0.34210393222453395,0.1661271659326219
2000-10-01,5.416259,1110938.0,870252.88236232,810081.6029529,749910.3235434799,,0.9858589335365552,0.5786111604774334,1.1414612723215034,0.7822350470069943,1.1414612723215034
2000-11-01,5.33570140909091,1012224.0,796186.9990753746,742177.7488442181,688168.4986130618,,1.0049960371701998,0.2505295616769297,1.3382015756418306,0.6277627994235647,1.3382015756418306
2000-12-01,5.06802647619048,1004542.0,800900.1819021866,749989.7273777331,699079.2728532798,,0.6944311269665969,1.0444106993202042,1.3498205123007645,0.8694209131434005,1.3498205123007645
2001-01-01,5.0082062173913,977225.0,781459.2271683915,732517.7839604893,683576.3407525872,,0.7235192443970783,1.3699294478288921,1.0552957968550143,1.0467243461129851,1.0552957968550143
2001-02-01,5.0210686,971067.0,776035.239112152,727277.29889019,678519.358668228,,0.7474714525890687,-0.07108698129452724,0.7832440204109252,0.3381922356472707,0.7832440204109252
2001-03-01,4.93812240909091,983537.0,789263.9560051981,740695.6950064977,692127.4340077973,,0.772629887263406,1.5369578170324538,1.6628170562548112,1.15479385214793,1.6628170562548112
2001-04-01,5.10137785714286,952542.0,758170.933328057,709578.1666600714,660985.3999920855,,0.867454288914677,0.6626168119464018,1.5781522135803958,0.7650355504305394,1.5781522135803958
2001-05-01,5.2625182173913,982677.0,775822.7754275429,724109.2192844285,672395.6631413143,,1.1471239591720195,-0.5082597976853913,0.6640784185260228,0.3194320807433141,0.6640784185260228
2001-06-01,5.20828771428571,1026653.0,812768.8317306173,759297.7896632716,705826.747595926,,1.1293729299219661,0.20405421583425798,0.3105915913468496,0.6667135728781121,0.3105915913468496
2001-07-01,5.25002486363636,1019272.0,805223.8662876656,751711.832859582,698199.7994314984,,0.9387710074998302,0.6291737142153038,0.5506450753669084,0.783972360857567,0.5506450753669084
2001-08-01,5.05821360869565,975315.0,777980.9357694001,728647.4197117501,679313.9036541001,,0.6578513857174056,-0.823695380344359,0.4682336402200201,-0.08292199731347666,0.4682336402200201
2001-09-01,5.0374285,971017.0,775359.85160862,726445.5645107749,677531.27741293,,0.4333308228209557,-0.7342366853861045,2.7243183531915145,-0.15045293128257442,2.7243183531915145
2001-10-01,4.81686943478261,944619.0,762614.7444554034,717113.6805692542,671612.6166831051,,0.2647931193365907,0.8511365395528001,2.2676993891090214,0.5579648294446954,2.2676993891090214
2001-11-01,4.6666605,957448.0,778724.60950384,734043.7618798,689362.9142557599,,0.37385849730971993,0.3081658567754327,1.2180469993587535,0.3410121770425763,1.2180469993587535
2001-12-01,4.95876742857143,997248.0,799443.1639756799,749991.9549696,700540.7459635199,,0.7680251887866929,1.4467176592935276,0.7185278672649863,1.1073714240401102,0.7185278672649863
2002-01-01,5.02288778260869,1037001.0,828651.4138618802,776564.0173273502,724476.6207928204,,0.6370596367583214,1.3510598384542372,0.4662991170846271,0.9940597376062793,0.4662991170846271
2002-02-01,5.066115,1017048.0,810948.7148592001,759423.893574,707899.0722887999,,0.4444850464005935,0.26497120195529433,0.5702383185132402,0.3547281241779439,0.5702383185132402
2002-03-01,5.31646104761905,1029156.0,810297.2885630628,755582.6107038284,700867.932844594,,0.8611714853185901,-0.6432909253923794,-0.09644173648394788,0.10894027996310535,-0.09644173648394788
2002-04-01,5.29724245454545,981409.0,773458.5431970801,721470.9289963503,669483.3147956203,,0.8135529765845426,-0.0516928019630607,0.06082235778330343,0.38093008731074096,0.06082235778330343
2002-05-01,5.30314330434783,987897.0,778338.6255625878,725949.0319532346,673559.4383438814,,0.7929608796343687,-1.1402419563833417,0.09282915085271407,-0.1736405383744865,0.09282915085271407
2002-06-01,5.16486755,1001374.0,794495.436879452,742775.7960993149,691056.155319178,,0.6021460214656909,-0.8104757697534967,0.9839152212089901,-0.10416487414390291,0.9839152212089901
2002-07-01,5.02740760869565,985279.0,787143.0343484783,737609.042935598,688075.0515227176,,0.37451050196792307,-1.4807818431040252,2.4456795414109007,-0.553135670568051,2.4456795414109007
2002-08-01,4.73105454545455,987322.0,800479.030562909,753768.2882036362,707057.5458443634,,0.04073021800964092,0.3612456617315285,2.341831899631071,0.20098793987058472,2.341831899631071
2002-09-01,4.52329023809524,1000320.0,819330.4923611428,774083.1154514286,728835.7385417141,,-0.20499781559362498,0.6372023052447127,2.902867518225973,0.21610224482554385,2.902867518225973
2002-10-01,4.62346526086957,1003790.0,818150.4722316694,771740.5902895867,725330.708347504,,-0.10538973887783858,0.8293203567871856,2.4518968328628814,0.36196530895467355,2.4518968328628814
2002-11-01,4.59236780952381,1013073.0,826976.8466440913,780452.8083051143,733928.7699661371,,0.10642087939443888,-0.6059484022439916,1.3038794983655029,-0.24976376142477635,1.3038794983655029
2002-12-01,4.40649604545455,1041567.0,857980.5653369616,812083.956671202,766187.3480054424,,0.09464811723468528,0.11953677701269645,1.2982500291294097,0.10709244712369087,1.2982500291294097
2003-01-01,4.2703242173913,1025301.0,850166.2923833793,806382.6154792241,762598.938575069,,0.2420797133470805,-0.8408213156884009,1.1635876388480397,-0.2993708011706602,1.1635876388480397
2003-02-01,4.06079105,1021004.0,855160.6437914319,813699.80473929,772238.965687148,,0.10955778133780408,0.1958276653793192,1.9016551655763978,0.15269272335856166,1.9016551655763978
2003-03-01,4.12716414285714,1015412.0,847781.1201349258,805873.4001686573,763965.6802023888,,0.11736267575506044,-0.14619853660143908,1.6314111487380358,-0.01441793042318932,1.6314111487380358
2003-04-01,4.22886363636364,972116.0,807678.159890909,766568.6998636362,725459.2398363634,,0.32106772845690895,0.3949711702691242,0.5815717293291653,0.35801944936301655,0.5815717293291653
2003-05-01,3.9187085,1046869.0,882774.02205254,841750.277565675,800726.53307881,,0.027509167692572327,-0.6982514459471025,-0.01130656454834567,-0.3353711391272651,-0.01130656454834567
2003-06-01,3.72330985714286,1074621.0,914575.1215202913,874563.6519003641,834552.182280437,,-0.15314508083793638,0.3299661444380824,0.008141403941224886,0.08841053180007302,0.008141403941224886
2003-07-01,4.0626237826087,1048755.0,878327.1197948086,835720.1497435106,793113.1796922127,,0.05503600176527441,0.15221161475029343,-0.1822332565273617,0.10362380825778392,-0.1822332565273617
2003-08-01,4.20469604761905,1063772.0,884858.4830412875,840130.1038016094,795401.7245619313,,0.0741130403206969,0.03337104143130559,-0.1637108857760681,0.05374204087600125,-0.1637108857760681
2003-09-01,4.23185136363637,1089123.0,904762.7338912907,858672.6673641133,812582.6008369359,,-0.10658968067294956,-1.1156639985669674,-0.12205318614894063,-0.6111268396199585,-0.12205318614894063
2003-10-01,4.30806830434783,1081443.0,895085.7875496468,848496.4844370584,801907.1813244702,,-0.10707795448189973,-1.5990381646962006,-0.3628723920902998,-0.8530580595890502,-0.3628723920902998
2003-11-01,4.4378369,1078507.0,887057.473539668,839195.0919245849,791332.7103095021,,0.004713717026124838,-0.042090499313987784,-0.46130161190766034,-0.018688391143931473,-0.46130161190766034
2003-12-01,4.3560047826087,1086841.0,897469.6162425912,850126.7703032389,802783.9243638868,,-0.024125051601966097,-0.4054305523943638,-0.5518005997430412,-0.21477780199816496,-0.5518005997430412
2004-01-01,4.25670331818182,1091076.0,905300.5268164581,858856.6585205726,812412.7902246871,,-0.13982569524195593,-0.4199300696000758,-0.6661258752740434,-0.27987788242101586,-0.6661258752740434
2004-02-01,4.18328015,1091263.0,908660.6461468219,863010.0576835276,817359.469220233,,-0.08719940200021016,0.21052557573638642,-0.6797834231347726,0.06166308686808813,-0.6797834231347726
2004-03-01,4.01941056521739,1102702.0,925413.5172365461,881091.3965456827,836769.2758548193,,-0.5481145311166085,0.6569058688924968,-0.4046497116984507,0.05439566888794417,-0.4046497116984507
2004-04-01,4.24242631818182,1130815.0,938919.0273202091,890945.0341502613,842971.0409803134,,-0.12929018182378776,-0.2210586717362624,-0.7245567321302984,-0.1751744267800251,-0.7245567321302984
2004-05-01,4.3862070952381,1128143.0,930212.2467582723,880729.5584478403,831246.8701374083,,0.2533054669892356,1.5176097887407534,-0.3967716097115269,0.8854576278649945,-0.3967716097115269
2004-06-01,4.44260136363636,1200035.0,986783.9149035455,933471.143629432,880158.3723553185,,-0.03143414095424559,-0.8271592933853121,-0.7784413098741457,-0.42929671716977885,-0.7784413098741457
2004-07-01,4.3395705,1192199.0,985253.73557882,933517.4194735249,881781.1033682299,,-0.26895698630472586,0.07484831438904672,-0.7490092591316339,-0.09705433595783958,-0.7490092591316339
2004-08-01,4.16788581818182,1175017.0,979123.532383098,930150.1654788726,881176.7985746472,,-0.2648483582050128,0.2983985421262584,-0.5537462061337017,0.016775091960622796,-0.5537462061337017
2004-09-01,4.11397131818182,1193545.0,997136.6041216272,948034.505152034,898932.4061824408,,-0.22434626135358204,0.009782093401469186,-0.9747550110908683,-0.10728208397605643,-0.9747550110908683
2004-10-01,3.97941871428571,1224817.0,1029854.6123449889,981114.015431236,932373.4185174832,,-0.3437560072164707,-0.37059102691675777,-0.824557796627881,-0.35717351706661427,-0.824557796627881
2004-11-01,3.86868736363636,1206646.0,1019920.5546967055,973239.193370882,926557.8320450585,,-0.21288913146887017,-1.3048791603854413,-1.0473139475690432,-0.7588841459271557,-1.0473139475690432
2004-12-01,3.68934673913044,1197347.0,1020649.8699976954,976475.5874971193,932301.3049965432,,-0.11878340071140715,-0.23899880669515688,-1.2220476310235246,-0.178891103703282,-1.2220476310235246
2005-01-01,3.63360014285714,1240650.0,1060328.9593105714,1015248.6991382145,970168.4389658573,,-0.03929488373497866,-0.09545179419295889,-1.055653253981352,-0.06737333896396877,-1.055653253981352
2005-02-01,3.6152795,1275379.0,1090944.93786278,1044836.4223284749,998727.90679417,,-0.20820917995584406,0.6195684219595878,-1.3283999863600775,0.20567962100187187,-1.3283999863600775
2005-03-01,3.76245713043478,1274524.0,1082710.3235315897,1034756.9044144872,986803.4852973846,,0.2297836500794143,0.17032579489738814,-1.0903620997804724,0.20005472248840123,-1.0903620997804724
2005-04-01,3.57094195238095,1286364.0,1102622.7530546973,1056687.4413183716,1010752.129582046,,0.13785015831887082,0.720837319129856,-0.8686858319669196,0.42934373872436343,-0.8686858319669196
2005-05-01,3.40743118181818,1275529.0,1101677.9084834657,1058215.135604332,1014752.3627251983,,-0.04573676015825031,-0.1426039153132207,-0.9440806305410395,-0.09417033773573551,-0.9440806305410395
2005-06-01,3.25411418181818,1353602.0,1177410.981410502,1133363.2267631274,1089315.472115753,,-0.0984541066403811,0.7828783005315407,-1.2778325297591977,0.3422120969455798,-1.2778325297591977
2005-07-01,3.31599295238095,1353428.0,1173909.6916177983,1129030.1145222478,1084150.5374266973,,-0.06986581939983337,1.1058019331990314,-1.400278424702091,0.517968056899599,-1.400278424702091
2005-08-01,3.31554360869565,1327897.0,1151788.9835457548,1107761.9794321936,1063734.9753186323,,-0.05397241532461306,-0.3879456281070445,-1.0845334958372361,-0.2209590217158288,-1.0845334958372361
2005-09-01,3.15553768181818,1351140.0,1180597.0726635274,1137961.3408294092,1095325.608995291,,-0.20866199318857476,0.2595192988647003,-1.1302069029190793,0.025428652838062782,-1.1302069029190793
2005-10-01,3.32335995238095,1370061.0,1187932.7656112402,1142400.70701405,1096868.6484168603,,0.002413569865979184,1.215342621148284,-0.7519097038931093,0.6088780955071317,-0.7519097038931093
2005-11-01,3.52725454545455,1386881.0,1191205.7075498179,1142286.8844372723,1093368.0613247268,,0.13914003325705532,1.1575895447255629,-1.1979502781605065,0.6483647889913091,-1.1979502781605065
2005-12-01,3.40898186363636,1404850.0,1213285.6731548184,1165394.591443523,1117503.5097322275,,0.03177316544988192,0.04119533789354404,-1.3324042605550608,0.036484251671712986,-1.3324042605550608
2006-01-01,3.39270140909091,1445553.0,1249379.8119993764,1200336.5149992204,1151293.2179990646,,-0.08431982405873024,-0.8891859794631645,-1.1989623305129213,-0.4867529017609474,-1.1989623305129213
2006-02-01,3.55100435,1445177.0,1239903.807459202,1188585.5093240025,1137267.211188803,,0.02355638731100075,0.7863949292994759,-1.1219283835587728,0.4049756583052383,-1.1219283835587728
2006-03-01,3.73118234782609,1431273.0,1217659.3778991965,1164255.9723739955,1110852.5668487945,,0.01710695386471236,-0.14160553093715766,-1.2395376705299093,-0.06224928853622265,-1.2395376705299093
2006-04-01,4.0116374,1468695.0,1233020.12835228,1174101.4104403502,1115182.6925284201,,0.09095616951338456,-0.02503789350225501,-1.207103484634992,0.03295913800556478,-1.207103484634992
2006-05-01,4.06029543478261,1472202.0,1233098.9976128868,1173323.2470161086,1113547.4964193304,,0.33164854324014004,-1.6590159849258221,-0.7830994844556055,-0.663683720842841,-0.7830994844556055
2006-06-01,4.07508859090909,1532073.0,1282339.6718904055,1219906.339863007,1157473.0078356084,,0.27141523395165956,0.9793900113158764,-0.3839084968764727,0.625402622633768,-0.3839084968764727
2006-07-01,4.09628790476191,1554245.0,1299579.6002185328,1235913.2502731662,1172246.9003277996,,0.22273820781494014,0.4051407235532219,-0.6394786507588294,0.31393946568408104,-0.6394786507588294
2006-08-01,3.96818330434783,1529454.0,1286687.8468972798,1225996.3086215998,1165304.7703459198,,0.27359570309590087,0.09123578080517172,-0.9549864790675199,0.18241574195053628,-0.9549864790675199
2006-09-01,3.83984828571429,1521562.0,1287859.3105076798,1229433.6381345997,1171007.9657615195,,0.14666049401691444,0.44676928472799227,-1.137731914285199,0.2967148893724534,-1.137731914285199
2006-10-01,3.88128640909091,1532285.0,1294395.5221858453,1234923.1527323069,1175450.7832787682,,0.06019800058492569,0.47328963738375623,-1.2717155913343314,0.26674381898434096,-1.2717155913343314
2006-11-01,3.80406290909091,1532132.0,1298998.939478749,1240715.6743484363,1182432.4092181234,,-0.054176831384858556,-0.36519420821967596,-1.3414476248634197,-0.20968551980226727,-1.3414476248634197
2006-12-01,3.9026030952381,1558277.0,1315023.5342624665,1254210.167828083,1193396.8013936996,,-0.03860914924028437,0.039139116155258905,-1.3089373934346522,0.0002649834574872667,-1.3089373934346522
2007-01-01,4.10280947826087,1542447.687,1289312.9274021937,1226029.237502742,1162745.5476032905,,0.10796889814516954,1.0081942252265792,-1.287930653695605,0.5580815616858744,-1.287930653695605
2007-02-01,4.1175186,1574889.6,1315504.1111621377,1250657.738952672,1185811.3667432065,,0.13826822886029566,0.051284364516627,-1.2617703117409977,0.09477629668846133,-1.2617703117409977
2007-03-01,4.02271686363636,1575228.257,1321760.3660595836,1258393.3933244795,1195026.4205893755,,-0.022411392238205208,-0.976111797548865,-0.6157554277081939,-0.4992615948935351,-0.6157554277081939
2007-04-01,4.24588171428571,1585414.261,1316155.0041860922,1248840.1899826152,1181525.3757791382,,0.09267315714879615,0.5627768702855721,-0.9700269926057387,0.3277250137171841,-0.9700269926057387
2007-05-01,4.37309595652174,1618637.965,1335499.599407437,1264715.0080092961,1193930.4166111553,,0.06238566353866463,0.6053645291833823,-0.9073400143339818,0.33387509636102347,-0.9073400143339818
2007-06-01,4.66075533333333,1649751.931,1342188.3265565918,1265297.4254457394,1188406.5243348875,,0.2669721669922679,0.6173251297875799,-0.6395218852183655,0.4421486483899239,-0.6395218852183655
2007-07-01,4.62842486363636,1670400.376,1361147.470699763,1283834.2443747036,1206521.0180496445,,0.2612654193894134,-0.35888286239489575,-0.2638419742276412,-0.04880872150274118,-0.2638419742276412
2007-08-01,4.4263127826087,1650811.96,1358531.5567907472,1285461.455988434,1212391.3551861208,,0.15309824625196344,-1.429096303289467,0.9844083061150306,-0.6379990285187518,0.9844083061150306
2007-09-01,4.3694047,1707388.4819999998,1408977.631680933,1334374.9191011668,1259772.2065214,,-0.15039078834828018,-0.5044233057142058,0.5259275724988621,-0.327407047031243,0.5259275724988621
2007-10-01,4.40021491304348,1784687.022,1470566.7640272179,1392036.6995340222,1313506.6350408266,,-0.05236361639274378,0.3063731213201985,0.02672178403355101,0.12700475246372736,0.02672178403355101
2007-11-01,4.25154036363636,1806021.292,1498886.3951790126,1422102.6709737657,1345318.9467685185,,-0.3411778491551481,-1.5313720202890264,1.07066454201508,-0.9362749347220872,1.07066454201508
2007-12-01,4.38176185714286,2046409.034,1687733.9520282494,1598065.1815353115,1508396.411042374,,-0.42924155059960883,0.5048866865899048,0.4317722737037456,0.037822567995147965,0.4317722737037456
2008-01-01,4.23174530434783,1939962.928,1611585.7675530855,1529491.4774413568,1447397.187329628,,-0.7131148479021604,-1.5173809789803339,1.1029983877421434,-1.1152479134412472,1.1029983877421434
2008-02-01,4.13937095238095,1965775.333,1640292.4005069125,1558921.6673836408,1477550.9342603688,,-0.7181976715705737,-0.2219489344884863,1.0394962278087188,-0.47007330302953,1.0394962278087188
2008-03-01,4.07051223809524,2017893.851,1689339.3863730945,1607200.7702163684,1525062.154059642,,-0.7641472406486127,-2.1764334332065998,1.2990037145245237,-1.4702903369276061,1.2990037145245237
2008-04-01,4.2827465,2008471.26,1664400.3296353763,1578382.5970442204,1492364.8644530645,,-0.9728515047525738,0.7591230236833505,0.3995680788568586,-0.10686424053461163,0.3995680788568586
2008-05-01,4.42327081818182,2007179.845,1652047.8435907518,1563264.8432384396,1474481.8428861275,,-0.9385548717412067,0.6588652170426723,-0.12962143016772018,-0.13984482734926718,-0.12962143016772018
2008-06-01,4.80925171428571,2098603.719,1694895.1776717152,1593968.0423396442,1493040.9070075732,,-0.49240428244529344,0.9499137320695367,0.4888595921337823,0.2287547248121216,0.4888595921337823
2008-07-01,4.8145092173913,2098262.571,1694178.3914565335,1593157.3465706666,1492136.3016848,,-0.5221397005892823,0.029086235013925214,0.8462374015896482,-0.24652673278767853,0.8462374015896482
2008-08-01,4.49604304761905,2144395.342,1758743.591250169,1662330.6535627116,1565917.7158752535,,-0.5386032874710113,0.9120269544888928,0.25386868337042406,0.18671183350894077,0.25386868337042406
2008-09-01,4.50429840909091,2478389.855,2031853.555760658,1920219.4809508224,1808585.406140987,,-0.8168247672191175,-0.910803636300133,1.7973422939387254,-0.8638142017596252,1.7973422939387254
2008-10-01,4.41582552173913,2776440.117,2286029.111870841,2163426.3605885515,2040823.6093062616,,-0.6759991458223387,-2.3010520337038285,6.2057324979230595,-1.4885255897630836,6.2057324979230595
2008-11-01,4.19642625,2805810.741,2334835.6271574255,2217091.8486967823,2099348.070236139,,-0.8740935383319656,-1.0583941037003641,5.898712752365484,-0.9662438210161648,5.898712752365484
2008-12-01,3.88814130434783,2982926.014,2519004.5002861186,2403024.1218576482,2287043.7434291784,,-1.9243588228566761,-2.138438668757486,4.297798280939833,-2.0313987458070812,4.297798280939833
2009-01-01,4.09989495342159,2840178.396,2374401.073096903,2257956.742371129,2141512.4116453547,,-1.8575901173388507,-0.39020544462524354,3.2010117172143144,-1.1238977809820472,3.2010117172143144
2009-02-01,4.19648825579123,2785990.051,2318335.0698090913,2201421.3245113646,2084507.5792136372,,-1.4593686733324809,1.1899353355368778,3.231754646735494,-0.13471666889780154,3.231754646735494
2009-03-01,4.14197136591993,2783594.116,2322411.431087392,2207115.75985924,2091820.0886310881,,-1.555211517565075,1.9475238760356537,3.0628185123742124,0.19615617923528939,3.0628185123742124
2009-04-01,4.08934316712587,2707832.771,2264902.4734076657,2154169.899009582,2043437.3246114985,,-1.5126103515936766,0.45504792872912425,2.201620038820855,-0.5287812114322762,2.201620038820855
2009-05-01,4.13313585146522,2678460.919,2235643.204957305,2124938.776446631,2014234.3479359574,,-1.1886505504228086,-0.7854816471969073,1.4452667682674225,-0.987066098809858,1.4452667682674225
2009-06-01,4.32495409356537,2893390.362,2392839.142383421,2267701.3374792757,2142563.532575131,,-0.5818060970734543,0.0523698220040823,1.0927888584817231,-0.264718137534686,1.0927888584817231
2009-07-01,4.08867726431956,2734345.52,2287151.265583278,2175352.701979098,2063554.1383749174,,-0.7814266211046286,-0.7943456789670293,0.7260973337742679,-0.787886150035829,0.7260973337742679
2009-08-01,3.89149233614812,2723118.389,2299238.6153512993,2193268.671939124,2087298.728526949,,-0.6719025598075233,0.2716015616650337,0.6231457746448508,-0.20015049907124483,0.6231457746448508
2009-09-01,3.86698059992542,2746750.705,2321885.437437341,2215669.1205466767,2109452.803656012,,-0.8125588802232828,-1.3529506190211538,0.5712039427028641,-1.0827547496222183,0.5712039427028641
2009-10-01,3.80386359288191,2694580.182,2284587.5639035637,2182089.4093794543,2079591.2548553452,,-0.9865658694788432,-0.29338571932107166,0.48711393283987237,-0.6399757943999574,0.48711393283987237
2009-11-01,3.83497230184097,2669190.24,2259739.41445023,2157376.7080627875,2055014.001675345,,-0.7993156879614611,-0.3750514814568744,0.4290635810145427,-0.5871835847091678,0.4290635810145427
2009-12-01,3.87162289880302,2829992.629,2391726.0583647937,2282159.4157059924,2172592.7730471906,,-0.6103086647566498,0.35432562466078454,0.11469592465747765,-0.12799152004793263,0.11469592465747765
2010-01-01,4.10167002022155,2824528.194,2361116.8894159873,2245264.063269984,2129411.237123981,,-0.48971029263731314,0.5397697360019608,0.040976528486529724,0.025029721682323813,0.040976528486529724
2010-02-01,4.10599440438843,2873380.415,2401457.058773228,2283476.2197165345,2165495.380659842,,-0.5208005976903536,-0.31908967185582937,0.27504653476858504,-0.4199451347730915,0.27504653476858504
2010-03-01,3.98666537388462,2880948.386,2421533.2990234005,2306679.527279251,2191825.755535101,,-0.5524446973982544,0.30765578944090255,-0.3158495037954571,-0.12239445397867593,-0.3158495037954571
2010-04-01,4.16705922161741,2952748.931,2460577.74451822,2337534.9478977746,2214492.1512773302,,-0.3341816292584261,1.1658048018034894,-0.3576304596482989,0.4158115862725317,-0.3576304596482989
2010-05-01,3.68417374441406,3275891.04,2793132.969634829,2672443.4520435366,2551753.934452244,,-0.7774622009001343,-0.5219791227643753,1.4379178730171969,-0.6497206618322549,1.4379178730171969
2010-06-01,3.68982904070938,3390372.83,2889976.984921358,2764878.0236516977,2639779.0623820373,,-0.8183119098150823,-0.40288986565495605,1.1822070546950962,-0.6106008877350192,1.1822070546950962
2010-07-01,3.61038510192208,3092929.2240000004,2646262.6003348394,2534595.9444185495,2422929.288502259,,-1.0246583941404628,-1.2975182762266932,0.6406735884698933,-1.1610883351835781,0.6406735884698933
2010-08-01,3.43788182751189,3098546.417,2672448.960251745,2565924.5960646807,2459400.231877617,,-1.3100952205197554,-0.8329965195570378,0.5375236071697151,-1.0715458700383966,0.5375236071697151
2010-09-01,3.49211667165418,3024231.5130000003,2601792.7415804304,2496183.048725538,2390573.3558706455,,-1.221036979736525,-0.36327066583212136,0.25984911784253695,-0.7921538227843232,0.25984911784253695
2010-10-01,3.32932440414292,3030424.417,2626853.778342853,2525961.1186785656,2425068.4590142793,,-1.3395607720491707,-1.0895404682514782,-0.007305634015509253,-1.2145506201503244,-0.007305634015509253
2010-11-01,3.7182547054332,3119979.198,2655944.104647312,2539935.3313091397,2423926.557970968,,-1.3707496457634916,0.4412103531339687,-0.041881413447889954,-0.4647696463147614,-0.041881413447889954
2010-12-01,4.05349931507171,3212444.891,2691579.164385035,2561362.7327312944,2431146.301077553,,-0.748204321054535,0.45016308297564084,-0.35709076575886706,-0.1490206190394471,-0.35709076575886706
2011-01-01,3.93262994368391,3101712.994,2613797.4181232853,2491818.5241541066,2369839.630184928,,-0.7202480908953752,-0.23712910164395162,-0.38804034484375444,-0.4786885962696634,-0.38804034484375444
2011-02-01,4.47478761734767,3114817.175,2557291.3620003257,2417909.9087504074,2278528.455500489,,-0.5463645678720437,0.04333010331576319,-0.37282921971698885,-0.25151723227814027,-0.37282921971698885
2011-03-01,4.487934587834,3038540.1550000003,2493069.376674121,2356701.6820926513,2220333.987511181,,-0.6953975931775661,-0.3212655563041897,0.04119895843176404,-0.5083315747408779,0.04119895843176404
2011-04-01,4.66041137228633,3053132.995,2483978.765759975,2341690.208449969,2199401.651139963,,-0.649161674243822,0.7774809688775072,-0.5218376097564947,0.0641596473168426,-0.5218376097564947
2011-05-01,4.36747925922629,3135699.274,2587895.212305363,2450944.1968817036,2313993.1814580443,,-0.8587194487900817,-0.8512950024745557,-0.4366183160247231,-0.8550072256323187,-0.4366183160247231
2011-06-01,4.37438377753443,3137852.722,2588805.840263638,2451544.1198295476,2314282.399395457,,-1.0032651275685012,-0.23930528644207508,-0.15304261679453243,-0.6212852070052881,-0.15304261679453243
2011-07-01,4.59668337452333,3251937.0530000003,2654012.0535391406,2504530.803673926,2355049.5538087105,,-0.9885539697810241,-0.46958088840668355,-0.14335057495352813,-0.7290674290938538,-0.14335057495352813
2011-08-01,4.20449278450583,3563454.504,2964153.754000688,2814328.56650086,2664503.3790010316,,-1.70280881491327,-1.004754619846533,1.8451200797066616,-1.3537817173799014,1.8451200797066616
2011-09-01,4.03449708299734,3928598.43,3294601.673755883,3136102.484694854,2977603.2956338245,,-1.996317200546636,0.008807272735548679,2.014785447592766,-0.9937549639055437,2.014785447592766
2011-10-01,4.07775911407011,4013137.679,3358553.329137583,3194907.241671979,3031261.154206375,,-1.853954449005088,0.017061154350334378,1.5403084159412357,-0.9184466473273769,1.5403084159412357
2011-11-01,4.39174726918695,4329731.785999999,3569128.2761009024,3378977.3986261277,3188826.521151354,,-2.0140990082738592,0.5398042570520241,1.4210397731779456,-0.7371473756109176,1.4210397731779456
2011-12-01,4.09262291417417,4700361.015,3930888.807204801,3738520.755256002,3546152.7033072026,,-1.9353180314872445,0.20533933605388136,0.558405985704819,-0.8649893477166816,0.558405985704819
2012-01-01,3.90433805608164,4740839.585,4000445.968620248,3815347.5645253104,3630249.1604303727,,-1.9177223795972194,-0.3173318704674607,-0.04436748773632601,-1.11752712503234,-0.04436748773632601
2012-02-01,3.74408726271292,4821746.867000001,4099625.2258495754,3919094.815561969,3738564.405274363,,-1.9031464184836184,0.82380839845097,-0.27033695892610327,-0.5396690100163242,-0.27033695892610327
2012-03-01,3.28276480899777,5238232.995,4550397.51750732,4378438.648134151,4206479.778760981,,-1.673165234795717,1.955990153451328,-0.5518521984870499,0.14141245932780544,-0.5518521984870499
2012-04-01,3.38187729759281,5252922.357999999,4542332.803258483,4364685.414573105,4187038.025887726,,-1.7333278136246701,-0.4786871749195497,-0.3430049491626573,-1.1060074942721099,-0.3430049491626573
2012-05-01,3.52554472292503,5424475.151,4659505.961270159,4468263.663837699,4277021.366405239,,-1.9119245407343872,-0.6615589397115942,0.057134365174153455,-1.2867417402229906,0.057134365174153455
2012-06-01,3.40599415231851,5572810.034,4813571.698488563,4623762.114610705,4433952.530732845,,-2.0249831746609765,-0.08271510634570214,0.07328707846870815,-1.0538491405033394,0.07328707846870815
2012-07-01,3.24899459783906,5606357.454,4877756.4507359695,4695606.199919962,4513455.949103955,,-2.0960500222355574,-0.0971618576881319,-0.37654243263412024,-1.0966059399618446,-0.37654243263412024
2012-08-01,3.00803600641141,5628122.533000001,4950938.723889625,4781642.771612031,4612346.819334437,,-1.939746697616303,-0.03196800620324422,-0.6124072138268786,-0.9858573519097735,-0.6124072138268786
2012-09-01,2.41867343345105,5489634.101000001,4958528.814621775,4825752.493027219,4692976.171432663,,-1.8325124562975144,-0.1835680984318488,-0.6619578909789893,-1.0080402773646815,-0.6619578909789893
2012-10-01,2.3057818010952,5480316.066,4974859.544030702,4848495.413538377,4722131.283046053,,-1.7974978443464875,0.5116420507905505,-0.5349283056843701,-0.6429278967779686,-0.5349283056843701
2012-11-01,2.24665118025691,5402249.542,4916770.729616934,4795401.026521168,4674031.323425402,,-1.8299731740100171,1.0437643020321146,-0.4797776336562809,-0.3931044359889513,-0.4797776336562809
2012-12-01,2.09906736204692,5288072.615,4844071.789628776,4733071.58328597,4622071.376943164,,-1.8187261415218081,1.3530377760485028,-0.40196254455972663,-0.23284418273665264,-0.40196254455972663
2013-01-01,2.39421805797137,4930113.299000001,4457962.647467576,4339924.98458447,4221887.321701365,,-1.5997709658879204,2.371599257195692,-0.8834201084151617,0.3859141456538858,-0.8834201084151617
2013-02-01,2.8579232751292,4821008.788,4269885.859006895,4132105.126758619,3994324.3945103427,,-1.4112568003281063,1.6927450202684757,-0.8086943929186629,0.14074410997018472,-0.8086943929186629
2013-03-01,3.02680705530431,4675512.023,4109437.1118649393,3967918.3840811737,3826399.6562974085,,-1.2508237992267144,0.7678418096295043,-0.9382816482808184,-0.24149099479860503,-0.9382816482808184
2013-04-01,2.85573496129224,4648080.6620000005,4117133.2040248094,3984396.3395310114,3851659.4750372134,,-1.5450499041055719,1.2225951892735967,-0.8164859412735953,-0.1612273574159876,-0.8164859412735953
2013-05-01,2.68456147468706,4489521.932,4007426.027263607,3886902.0510795093,3766378.074895411,,-1.657853981197758,1.246021526647926,-0.8741754353275385,-0.20591622727491599,-0.8741754353275385
2013-06-01,3.06963806120241,4399433.555,3859246.807473639,3724200.1205920484,3589153.433710458,,-1.2141877388805173,-1.343813721630957,-0.39103289007595343,-1.2790007302557371,-0.39103289007595343
2013-07-01,3.10141380534218,4364169.783,3822765.9264458646,3687414.96230733,3552063.9981687968,,-0.8904031389313496,0.9804332207595333,-0.8102252306671273,0.045015040914091864,-0.8102252306671273
2013-08-01,3.09683898872373,4353688.308,3814381.4401213983,3679554.7231517476,3544728.0061820974,,-0.6466587687595535,-0.6564588997060852,-0.7778923735635436,-0.6515588342328194,-0.7778923735635436
2013-09-01,3.40709261090981,4303242.097,3716780.3229342108,3570164.879417763,3423549.435901316,,-0.5317098011927394,0.5846569877551067,-0.7142800706489314,0.02647359328118365,-0.7142800706489314
2013-10-01,3.1629836999224,4228465.069,3693482.4254424702,3559736.7645530873,3425991.1036637053,,-0.6474334052090787,-0.49922528405362293,-0.6210414475923404,-0.5733293446313508,-0.6210414475923404
2013-11-01,3.17118187200529,4146755.316,3620750.7045703693,3489249.5517129614,3357748.398855554,,-0.5564600723924172,0.9273234518571591,-0.9365921844025142,0.18543168973237095,-0.9365921844025142
2013-12-01,3.31291665153656,4073029.874,3533285.5343287815,3398349.4494109773,3263413.3644931726,,-0.45239159459290007,1.2979956422636665,-0.7717018118374666,0.42280202383538323,-0.7717018118374666
2014-01-01,3.21173436338516,4022236.264,3505502.0869302903,3376318.542662863,3247134.998395435,,-0.4205075817586442,0.15361927624994176,-0.7633663866376716,-0.13344415275435123,-0.7633663866376716
2014-02-01,3.08875773068556,3988700.171,3495895.0314574777,3372693.746571847,3249492.4616862163,,-0.5434234259666983,-0.5547120941982164,-0.6040187148657551,-0.5490677600824574,-0.6040187148657551
2014-03-01,2.88610575008792,3916339.695,3464220.874478517,3351191.1693481463,3238161.464217776,,-0.5474930811634229,0.12477732378742072,-0.6837547568717579,-0.21135787868800107,-0.6837547568717579
2014-04-01,2.61002012827356,3926597.189,3516657.2810435044,3414172.304054381,3311687.327065257,,-0.5700207177661181,0.08915857156489232,-0.7638906073441695,-0.24043107310061287,-0.7638906073441695
2014-05-01,2.55487751147178,3888042.159,3490703.2999726683,3391368.5852158354,3292033.870459003,,-0.6738849212357314,-0.20847991389481024,-0.9825530546710485,-0.4411824175652708,-0.9825530546710485
2014-06-01,2.2750932766175,3735926.602,3395943.3422341333,3310947.5272926665,3225951.7123512,,-0.6006188215085271,0.1534457331700614,-1.0987247132537894,-0.22358654416923285,-1.0987247132537894
2014-07-01,2.15695472557199,3654089.247,3338821.044240862,3260003.993551078,3181186.9428612934,,-0.6480026413729677,-0.07481684403156608,-0.9980938760218212,-0.3614097427022669,-0.9980938760218212
2014-08-01,1.99076393707155,3673788.071,3381242.278832382,3308105.830790477,3234969.382748573,,-0.732357520919095,0.49304131657116085,-0.8416669617877703,-0.11965810217396708,-0.8416669617877703
2014-09-01,1.84926476787436,3722579.78,3447218.3546897806,3378377.9983622255,3309537.642034671,,-0.62174938365635,1.65949972445174,-0.842483719495817,0.518875170397695,-0.842483719495817
2014-10-01,1.6893827901523,3693380.925,3443799.5581131284,3381404.2163914107,3319008.874669693,,-0.8250972724476795,0.2501583689871106,-0.24999929562208947,-0.2874694517302845,-0.24999929562208947
2014-11-01,1.61676565245274,3695703.325,3456699.877099385,3396949.0151242306,3337198.153149077,,-0.7540981603397692,2.806262273246938,-0.8474345652240802,1.0260820564535846,-0.8474345652240802
2014-12-01,1.44647590501225,3904180.083042,3678287.986284041,3621814.962094551,3565341.9379050615,,-0.7813807011078987,0.9910105174002236,-0.47450685985571817,0.10481490814616246,-0.47450685985571817
2015-01-01,1.26571503227611,4005191.020403,3802413.8011365454,3751719.496319932,3701025.191503318,,-1.0591675680919739,-0.3151154751820548,-0.10859896166095746,-0.6871415216370144,-0.10859896166095746
2015-02-01,1.20888002432769,3981544.240137,3789015.868221856,3740883.7752430704,3692751.6822642847,,-1.0154394255085086,0.18757982789173366,-0.5240977591863213,-0.4139297988083875,-0.5240977591863213
2015-03-01,0.950588831402085,4170002.597302,4011444.281465481,3971804.7025063513,3932165.123547222,,-1.0146601135960929,0.5401689648223761,-0.6641075750262748,-0.2372455743868584,-0.6641075750262748
2015-04-01,0.849814081632761,4198547.649489,4055828.2528913254,4020148.4037419064,3984468.554592488,,-1.0605435246047283,-0.2552718423356435,-0.8329107859849241,-0.6579076834701859,-0.8329107859849241
2015-05-01,1.33011274292874,4277466.966150999,4049886.4333856315,3992991.30019429,3936096.167002948,,-0.8373662562868549,0.42943475541151876,-0.8507964447313175,-0.20396575043766807,-0.8507964447313175
2015-06-01,1.65945473225937,4392402.528617,4100842.8021329404,4027952.8705119253,3955062.93889091,,-0.7303760986217018,0.9259275434468335,-0.7189020083104853,0.09777572241256582,-0.7189020083104853
2015-07-01,1.52966056724605,4473680.169612001,4199951.6837749565,4131519.562315696,4063087.440856435,,-0.7224302827785064,-0.10531624939279366,-0.7154193358587475,-0.41387326608565,-0.7154193358587475
2015-08-01,1.38766695750168,4576174.136244999,4322165.91061936,4258663.85421295,4195161.7978065405,,-0.8526961473584984,-0.07451466755568677,-0.054638848182350486,-0.4636054074570926,-0.054638848182350486
2015-09-01,1.47989808053635,4631877.033284,4357688.796050505,4289141.7367421305,4220594.677433756,,-0.8132944767317607,-0.8711977976613686,0.5893647090855517,-0.8422461371965646,0.5893647090855517
2015-10-01,1.20240141361243,4718712.732597,4491761.258192776,4435023.38959172,4378285.520990663,,-0.8659355588938661,-0.008311038950286754,-0.40025594434567346,-0.4371232989220764,-0.40025594434567346
2015-11-01,1.1537191796848,4838534.495522,4615242.09355999,4559418.993069488,4503595.892578985,,-0.6629777778459575,0.8364893514495938,-0.4750649030783454,0.08675578680181817,-0.4750649030783454
2015-12-01,1.19178912943303,4863578.449151,4631724.052117283,4573760.452858854,4515796.853600425,,-0.6514978509242538,-0.29379224244128876,-0.2370827665772946,-0.4726450466827713,-0.2370827665772946
2016-01-01,1.11450059178444,4964828.731613001,4743496.549233357,4688163.503638447,4632830.458043536,,-0.6317619442488658,-1.0609417751017955,0.5079649033057978,-0.8463518596753307,0.5079649033057978
2016-02-01,1.04183095663421,5138011.958384,4923894.361831951,4870364.962693939,4816835.563555927,,-0.7821668777335004,-1.1553405100853342,0.34975776147491267,-0.9687536939094172,0.34975776147491267
2016-03-01,0.930695301153468,5131987.484650999,4940934.819149276,4893171.652773845,4845408.486398414,,-0.6816048937167665,-0.5352410007422629,-0.5253576371270358,-0.6084229472295146,-0.5253576371270358
2016-04-01,0.960151858445288,5284933.48601,5081959.937675911,5031216.550592388,4980473.163508866,,-0.7309826355216321,-1.1268558342144075,-0.727318301366448,-0.9289192348680197,-0.727318301366448
2016-05-01,0.972331397375095,5438140.259668999,5226633.278956771,5173756.533778713,5120879.788600656,,-0.6916868198020152,-0.21189671365511137,-0.6531216154637989,-0.45179176672856325,-0.6531216154637989
2016-06-01,0.882978166585566,5576291.86014,5379342.1016195025,5330104.661989378,5280867.222359253,,-0.7445046265101619,-1.2100681569251275,-0.26767501400736404,-0.9772863917176446,-0.26767501400736404
2016-07-01,0.621088196069088,5665945.719923,5525183.639674506,5489993.119612383,5454802.599550259,,-0.9255696553714374,-0.3840788501176947,-0.8743982656588806,-0.654824252744566,-0.8743982656588806
2016-08-01,0.611150867374379,5748608.595512,5608077.910338281,5572945.239044852,5537812.567751422,,-0.9985271125757467,-1.0573540693273107,-0.9716221147923284,-1.0279405909515287,-0.9716221147923284
2016-09-01,0.732542524614651,5976138.650002,5801027.622237214,5757249.865296017,5713472.108354821,,-0.9025803918447538,0.24857491857993133,-0.7295975535566633,-0.32700273663241125,-0.7295975535566633
2016-10-01,0.766417752375933,5996688.57001,5812849.826988979,5766890.141233725,5720930.455478469,,-0.7965657356986033,0.831596670314539,-0.6797311792151719,0.017515467307967825,-0.6797311792151719
2016-11-01,1.22588777156883,6120895.515419,5820754.276882894,5745718.967248867,5670683.657614841,,-0.4725788477540135,1.6684595004719014,-0.5924131178208322,0.597940326358944,-0.5924131178208322
2016-12-01,1.28320932640245,6191921.017904,5874099.785963129,5794644.477977912,5715189.169992695,,-0.12533447756985552,2.579158941658106,-0.9554057205188605,1.2269122320441253,-0.9554057205188605
2017-01-01,1.30738702746158,6312739.016908,5982611.292969757,5900079.361985196,5817547.431000635,,-0.23494924046047674,-0.3429889288155091,-1.066243636236333,-0.2889690846379929,-1.066243636236333
2017-02-01,1.43714133420551,6522342.352825,6147401.241181639,6053665.963270799,5959930.685359959,,-0.21197959706248323,-0.6248169237752942,-1.0730054457728626,-0.4183982604188887,-1.0730054457728626
2017-03-01,1.45313673040938,6871807.000869,6472379.994579118,6372523.243006648,6272666.491434176,,-0.1612270103401443,0.030842396947208278,-1.021199551562452,-0.06519230669646801,-1.021199551562452
2017-04-01,1.26257504822609,6940450.629702,6589937.0381617285,6502308.64027666,6414680.242391592,,-0.3029160503423002,-0.9324522252380938,-0.8550689812182204,-0.6176841377901969,-0.8550689812182204
2017-05-01,1.17237157183444,6984534.716608,6656995.918838322,6575111.219395903,6493226.519953484,,-0.322224369917812,0.767190228811395,-1.1519755155336893,0.2224829294467915,-1.1519755155336893
2017-06-01,1.07211029535976,6990165.930885,6690396.776454006,6615454.487846257,6540512.19923851,,-0.4824210136713796,-0.42332409004288507,-1.1936892220562858,-0.4528725518571323,-1.1936892220562858
2017-07-01,1.20647009752845,7040941.156369999,6701153.757825287,6616206.9081891095,6531260.058552931,,-0.34247728163323404,0.5431932628121611,-1.221999279914995,0.10035799058946351,-1.221999279914995
2017-08-01,1.04453174515063,7105215.491618,6808350.566132759,6734134.334761448,6659918.103390138,,-0.38847037465963496,-0.8580736811106782,-0.9929532464517989,-0.6232720278851566,-0.9929532464517989
2017-09-01,1.11592108421413,7155081.166259,6835700.928951326,6755855.869624407,6676010.810297489,,-0.4485121432528863,0.35999247425875697,-1.1917435610304707,-0.044259834497064665,-1.1917435610304707
2017-10-01,1.14940415647413,7194538.714343,6863761.406255805,6781067.079234006,6698372.752212207,,-0.28488513134727006,0.7604003055996045,-1.228368988056428,0.2377575871261672,-1.228368988056428
2017-11-01,0.948731630672955,7297525.035115,7020589.322057345,6951355.393792932,6882121.465528518,,-0.2595528320214819,-0.003735310732423049,-1.1694616093938777,-0.13164407137695247,-1.1694616093938777
2017-12-01,0.87902629874751,7365154.372,7106187.796507073,7041446.15263384,6976704.508760609,,-0.2173286763277596,0.06991655032304347,-1.2014574864884884,-0.07370606300235806,-1.2014574864884884
2018-01-01,1.03092972825132,7386883.779999999,7082269.45648242,7006115.875603025,6929962.294723631,,-0.06055316133410364,-0.6796398714295212,-1.092749353689077,-0.3700965163818124,-1.092749353689077
2018-02-01,1.26966337620687,7497028.032999999,7116279.956044146,7021092.936805182,6925905.917566219,,0.2716378241127702,-0.9847453255878582,0.40854176020763555,-0.35655375073754403,0.40854176020763555
2018-03-01,1.168397749229,7543059.539,7190527.787493282,7102394.849616603,7014261.911739924,,0.25344714682447456,-0.6553181120978625,-0.045213885124973104,-0.20093548263669397,-0.045213885124973104
2018-04-01,1.12553181283971,7597426.578,7255380.765629882,7169869.312537353,7084357.859444823,,0.2763103759742538,0.6133138409005295,-0.14487667136791196,0.44481210843739166,-0.14487667136791196
2018-05-01,1.23621542510378,7693845.979999999,7313395.93684605,7218283.426057563,7123170.915269076,,0.4141752359024416,0.751510426004902,-0.6913974571070841,0.5828428309536718,-0.6913974571070841
2018-06-01,1.28733057157399,7716403.498,7319061.012976964,7219725.391721206,7120389.770465448,,0.34315445938349654,0.16296428128019072,-0.748782385653631,0.2530593703318436,-0.748782385653631
2018-07-01,1.19588314685909,7660558.137000001,7294112.842137098,7202501.518421373,7110890.194705647,,0.2851238379401801,0.537233798056135,-0.8170563102902891,0.4111788179981576,-0.8170563102902891
2018-08-01,1.36578839763528,7626271.632999999,7209636.700457341,7105477.967321677,7001319.234186012,,0.23080539753306215,-0.15208687370328358,-0.8943103324336972,0.03935926191488928,-0.8943103324336972
2018-09-01,1.31916154308239,7721688.887,7314242.685904918,7212381.135631147,7110519.585357376,,0.338600480927897,0.41084592844468004,-0.8440119952276417,0.3747232046862885,-0.8440119952276417
2018-10-01,1.55399426482612,7642771.799000001,7167698.857279168,7048930.62184896,6930162.386418752,,0.49278654723561227,0.24353491056433865,0.01025238482925124,0.3681607288999755,0.01025238482925124
2018-11-01,1.40517946789719,7721705.022999999,7287689.76878087,7179185.955226089,7070682.141671307,,0.50243287575183,0.2391527477279968,0.015127737728031623,0.3707928117399134,0.015127737728031623
2018-12-01,1.21055886842946,7774458.54,7398000.9506866345,7303886.553358293,7209772.156029951,,0.29625467190993765,-0.3635690538121241,0.7534621188234859,-0.033657190951093235,0.7534621188234859
2019-01-01,1.20242066426418,7688960.24,7319145.652828733,7226692.006035917,7134238.3592431005,,0.15590004314777836,-1.1058320061407485,0.03731092705371019,-0.47496598149648506,0.03731092705371019
2019-02-01,1.11999908018448,7686942.387,7342567.650885156,7256473.966856446,7170380.282827734,,0.13120727576997807,0.5546621053253407,-0.5397909809022327,0.34293469054765935,-0.5397909809022327
2019-03-01,0.991972744387536,7770445.109999999,7462122.319564823,7385041.621956029,7307960.924347235,,0.10339170052219479,0.2770300567190866,-0.6384976279184209,0.19021087862064068,-0.6384976279184209
2019-04-01,0.952038365123788,7694571.506,7401550.414923986,7328295.142154983,7255039.869385981,,0.00663213308800538,0.20297860176689572,-0.8415647739469414,0.10480536742745056,-0.8415647739469414
2019-05-01,0.871484192056088,7737067.108999999,7467357.841865175,7399930.525081469,7332503.208297764,,-0.08882637251615456,-0.5574693665605521,-0.3370726093004945,-0.32314786953835334,-0.3370726093004945
2019-06-01,0.573975698638794,7744831.677,7567017.870094163,7522564.418367703,7478110.966641244,,-0.3631986110482206,-0.6491489762643899,-0.4547701168054068,-0.5061737936563053,-0.4547701168054068
2019-07-01,0.357586837911898,7715185.405,7604831.454884881,7577242.967356102,7549654.479827322,,-0.3844115798629448,0.11099980899301527,-0.7917191085063617,-0.13670588543496476,-0.7917191085063617
2019-08-01,0.0995032681576103,7796117.878,7765088.309687881,7757330.917609851,7749573.525531821,,-0.7262542608453663,-0.7312010575976244,-0.0316591860405266,-0.7287276592214953,-0.0316591860405266
2019-09-01,0.04752293261004,7828528.129,7813646.74441159,7809926.398264486,7806206.052117383,,-0.7157928051279404,0.5282428172270098,-0.4896280404039059,-0.09377499395046529,-0.4896280404039059
2019-10-01,0.131567819751726,7608407.123,7568366.261521735,7558356.046152169,7548345.830782603,,-0.7774703875912903,0.2492985258376171,-0.501169592442111,-0.26408593087683657,-0.501169592442111
2019-11-01,0.301267643553345,7641579.7707,7549493.341478252,7526471.734172815,7503450.126867378,,-0.737058740552319,0.29245841135251527,-0.8945731965622554,-0.22230016459990187,-0.8945731965622554
2019-12-01,0.366036461077784,7708477.447000001,7595614.094800089,7567398.2567501115,7539182.4187001325,,-0.7401391784329681,0.11886387147848962,-0.7271935279641886,-0.3106376534772392,-0.7271935279641886
2020-01-01,0.315867468685361,7617504.401,7521259.527686262,7497198.309357827,7473137.091029392,,-0.8101388627972369,0.0907128806384499,-0.7009430870615804,-0.3597129910793935,-0.7009430870615804
2020-02-01,0.132262730992167,7693513.289,7652810.685858893,7642635.035073617,7632459.38428834,,-0.9875257503247765,0.3044598875963854,0.0649017598619753,-0.34153293136419555,0.0649017598619753
2020-03-01,0.372634326290483,8404315.364999998,8279045.909241217,8247728.545301521,8216411.181361827,,-1.851453544702272,-0.8237377355067488,5.012747607530329,-1.3375956401045104,5.012747607530329
2020-04-01,0.553776148698786,8770824.928,8576541.982018434,8527971.245523043,8479400.50902765,,-2.021041924981761,0.05848609605734195,2.8551520725825337,-0.9812779144622095,2.8551520725825337
2020-05-01,0.479135742756966,8961194.79,8789449.641132139,8746513.353915174,8703577.066698208,,-2.0324372018241004,-0.16545051932353405,1.4871019035674369,-1.0989438605738173,1.4871019035674369
2020-06-01,0.351459291517374,9786864.232,9649276.857233783,9614880.01354223,9580483.169850674,,-1.9919504806759518,0.1718712487004647,1.5089537256666932,-0.9100396159877435,1.5089537256666932
2020-07-01,0.220885310186352,9862257.5594,9775120.44659417,9753336.168392712,9731551.890191253,,-2.0690864655148045,-0.29859246938897577,0.956486407852318,-1.1838394674518902,0.956486407852318
2020-08-01,0.160071953925014,9935778.2646,9872160.68697679,9856256.29257099,9840351.898165187,,-2.0635088655439753,-0.21592181392309345,0.4479105843760876,-1.1397153397335344,0.4479105843760876
2020-09-01,0.123463670294754,10338690.7373,10287632.629121222,10274868.102076527,10262103.575031834,,-1.9860891500550528,-0.12502457003449932,1.0571239509279515,-1.055556860044776,1.0571239509279515
2020-10-01,0.0003605895975517,10325039.043,10324890.11893307,10324852.887916338,10324815.656899607,,-1.8859238737959974,-0.10877443381645384,1.2829377748191795,-0.9973491538062256,1.2829377748191795
2020-11-01,-0.0550423146444472,10357502.0127,10357502.0127,10357502.0127,10357502.0127,,-1.776827056308836,-0.27023080476773165,0.7103590460287202,-1.0235289305382838,0.7103590460287202
2020-12-01,-0.0918818166552814,10678801.9764,10678801.9764,10678801.9764,10678801.9764,,-1.6896802713345502,-0.19829099502573325,0.37259884449052005,-0.9439856331801417,0.37259884449052005
2021-01-01,-0.0637567597967504,10588159.416700002,10588159.416700002,10588159.416700002,10588159.416700002,,-1.563144010105517,0.03325770088732116,0.6977729042537506,-0.7649431546090979,0.6977729042537506
2021-02-01,0.0632093685662669,10606094.6469,10579278.465076616,10572574.41962077,10565870.374164922,,-1.4702272125266769,0.6420557707211977,0.46898038150862603,-0.4140857209027396,0.46898038150862603
2021-03-01,0.147856238199887,11074821.7667,11009322.50729366,10992947.692442076,10976572.87759049,,-1.0623011127715893,1.2713151436544246,0.30116484819883066,0.1045070154414176,0.30116484819883066
2021-04-01,0.204919188611819,11099751.8404,11008769.754762907,10986024.233353633,10963278.71194436,,-1.0023989236579367,0.15738171322513,-0.2702108995702517,-0.4225086052164033,-0.2702108995702517
2021-05-01,0.377151027497333,11293881.1603,11123501.204938402,11080906.216098003,11038311.227257604,,-1.0039428940238782,0.05507850207511418,0.032904869887419044,-0.47443219597438196,0.032904869887419044
2021-06-01,0.303973297148943,11591067.257,11450132.25973658,11414898.510420727,11379664.761104872,,-1.076863783375773,0.39359107112463615,-0.32965619742420743,-0.3416363561255684,-0.32965619742420743
2021-07-01,0.163364532874183,11626109.0913,11550137.336066218,11531144.397257773,11512151.458449328,,-1.247556913672462,0.06816636394773419,-0.24549669545645425,-0.589695274862364,-0.24549669545645425
2021-08-01,0.0594693793304723,11812262.3613,11784163.644855391,11777138.96574424,11770114.28663309,,-1.285697472588357,-0.10273030580412787,-0.2620804225129865,-0.6942138891962424,-0.2620804225129865
2021-09-01,0.19708119822436,12008193.6721,11913530.104203694,11889864.212229617,11866198.320255542,,-1.2324560921651877,0.14196905523882805,0.04353774780056111,-0.5452435184631799,0.04353774780056111
2021-10-01,0.352497867398119,12028599.608700002,11858997.380305897,11816596.823207373,11774196.266108844,,-1.0421951266518183,1.0941310256885908,-0.21036674039098419,0.025967949518386213,-0.21036674039098419
2021-11-01,0.31220618663745,12268289.9348,12115080.49411574,12076778.133944675,12038475.77377361,,-1.0162936024306992,0.32490285411159164,-0.12823395576765054,-0.34569537415955376,-0.12823395576765054
2021-12-01,0.278432004803968,12597393.300500002,12457092.60162151,12422017.426901888,12386942.252182266,,-1.1336123271704277,-0.021340158503576696,0.24378081153859635,-0.5774762428370022,0.24378081153859635
2022-01-01,0.534543052161387,12470021.4814,12203390.947672576,12136733.314240718,12070075.680808863,,-0.9216822050142108,0.3754239016924057,0.4815864088710062,-0.27312915166090257,0.4815864088710062
2022-02-01,0.944137981439139,12593915.251700005,12118299.50273378,11999395.565492222,11880491.628250666,,-0.7512909639985056,0.182651464402601,0.8155223226258104,-0.28431974979795227,0.8155223226258104
2022-03-01,1.05348656280789,12680892.26,12146526.275987016,12012934.77998377,11879343.283980526,,-0.5777425209501791,1.1629894967172785,0.9726921552355428,0.2926234878835497,0.9726921552355428
2022-04-01,1.56787670049276,12665584.1215,11871261.151810763,11672680.409388455,11474099.666966146,,0.07096384422673033,2.571046802873574,0.6320475636262626,1.321005323550152,0.6320475636262626
2022-05-01,1.87413073196545,12677394.8994,11727031.084110895,11489440.13028862,11251849.176466344,,0.20870584502687814,0.7910761130573548,1.2744920423672403,0.4998909790421165,1.2744920423672403
2022-06-01,2.43874400034351,12720048.467299998,11479210.791951736,11169001.373114672,10858791.954277605,,0.4780374880658215,1.5684585278175522,1.1298408323928582,1.0232480079416868,1.1298408323928582
2022-07-01,2.09295536201857,12633533.1325,11575876.296063796,11311462.086954743,11047047.877845692,,0.2633606701052099,0.8202284244455887,0.7050695415166423,0.5417945472753993,0.7050695415166423
2022-08-01,2.05655468594624,12700595.7371,11655816.950002326,11394622.253227906,11133427.556453489,,0.22257924476869656,-0.4137699315625466,0.3348500251360927,-0.09559534339692502,0.3348500251360927
2022-09-01,2.81380130289941,12739665.7473,11305790.224169772,10947321.343387214,10588852.462604657,,0.8590342167999103,2.29559262528449,1.009809918256712,1.5773134210422002,1.009809918256712
2022-10-01,3.18415701723283,12542127.2212,10944683.125103565,10545322.101079457,10145961.077055348,,1.342232503385763,1.0347723390309949,1.353876377677744,1.188502421208379,1.353876377677744
2022-11-01,2.93745167542338,12305832.9741,10859921.386609986,10498443.489737483,10136965.592864979,,1.2348161826144815,-1.2679989073381939,0.47553120762781764,-0.01659136236185621,0.47553120762781764
2022-12-01,2.99956037669529,11774568.2108,10361827.080487534,10008641.797909418,9655456.5153313,,0.7722163940575789,-2.1496491119133085,0.2767376994055368,-0.6887163589278649,0.2767376994055368
2023-01-01,3.04407454825526,11620630.9753029,10205668.29583945,9851927.625973586,9498186.956107724,,0.596481252585817,-1.3253332850137165,0.06483668179498828,-0.36442601621394977,0.06483668179498828
2023-02-01,3.22104313833771,11453479.95179829,9977793.831445154,9608872.30135687,9239950.771268586,,0.8127969280979092,0.7915847305895609,0.05838850967982348,0.802190829343735,0.05838850967982348
2023-03-01,3.23313142561768,11487610.28054054,10001972.128409967,9630562.590377323,9259153.05234468,,0.9128751724101921,0.1922934504063251,0.2583786259999414,0.5525843114082586,0.2583786259999414
2023-04-01,3.19314809440969,11328601.95314958,9881645.80358856,9519906.766198305,9158167.728808051,,0.6270122996886762,-0.04830878825702086,-0.24493910032904476,0.28935175571582766,-0.24493910032904476
2023-05-01,3.20531259225322,11376504.870490631,9917894.697802082,9553242.154629946,9188589.61145781,,0.6986865093217702,1.0582329372414423,-0.2685373508381965,0.8784597232816063,-0.2685373508381965
2023-06-01,3.16421521524494,10795769.8974635,9429364.322670009,9087762.928971635,8746161.535273261,,0.9194081177200565,1.232131445241801,-0.7463732098498738,1.0757697814809288,-0.7463732098498738
2023-07-01,3.26889752032579,10737777.38637585,9333749.631490476,8982742.692769133,8631735.754047789,,0.8658131697358016,-0.11623978410826123,-0.7542465883869641,0.3747866928137702,-0.7542465883869641
2023-08-01,3.34243979581141,10663127.89699307,9237493.375763614,8881084.745456249,8524676.115148883,,1.1004999999677363,1.0712497627099271,-0.4996910854805665,1.0858748813388317,-0.4996910854805665
2023-09-01,3.50431109850626,10546479.945240151,9068154.076349001,8698572.609126212,8328991.1419034265,,1.1886434078454895,0.8320401418994815,-0.5886792058086199,1.0103417748724854,-0.5886792058086199
2023-10-01,3.72206836479434,10436771.256726962,8882916.21171663,8494452.450464047,8105988.6892114645,,1.4322100962321158,0.46543980643305854,-0.09713775050430647,0.9488249513325872,-0.09713775050430647
2023-11-01,3.41868826496933,10388897.534688989,8968241.451176587,8613077.430298487,8257913.409420386,,1.4213430354805612,0.01971062962588385,-0.7406406029570786,0.7205268325532225,-0.7406406029570786
2023-12-01,2.86427500083621,10323000.21554534,9140283.757504806,8844604.642994674,8548925.52848454,,0.9493184191544144,-1.5452127880264483,-0.9109669812116846,-0.297947184436017,-0.9109669812116846
2024-01-01,2.90441648057449,10285175.305955509,9090277.99938691,8791553.67274476,8492829.346102612,,0.8711499462205423,0.6343587229518769,-0.8204476357518204,0.7527543345862096,-0.8204476357518204
2024-02-01,3.02538498713333,10312012.86741744,9064100.51076902,8752122.421606917,8440144.332444813,,1.0482436523778926,0.8918908692178512,-0.7405572613582425,0.970067260797872,-0.7405572613582425
2024-03-01,2.95329790278577,10157370.32951211,8957460.709833449,8657483.304913783,8357505.899994118,,1.0307912816950566,0.05108677935158239,-0.7646847351297243,0.5409390305233195,-0.7646847351297243
2024-04-01,3.07356096825179,10012424.64400326,8781472.74066843,8473734.764834724,8165996.789001016,-0.39134555781884367,1.223988639793255,1.0644559560473,-0.4520138361319851,0.6323663460072371,-0.4520138361319851
2024-05-01,3.12149195085422,10002849.700759,8753897.107698048,8441658.95943281,8129420.811167574,-0.6172915325616554,0.9494594667354245,0.5034948843693249,-0.8593572288727269,0.278554272847698,-0.8593572288727269
2024-06-01,3.16502023175523,10038581.55884836,8767689.00957316,8449965.872254359,8132242.734935559,-0.7202104771997647,0.7814189809542896,0.4992877149233461,-0.9094108667413308,0.18683207289262369,-0.9094108667413308
2024-07-01,3.11299627992368,9985960.96269685,8742510.589563316,8431647.99627993,8120785.4029965475,-0.9625818763478458,0.7253033761397263,-0.09480417197045919,-0.6812639557803085,-0.11069422405952623,-0.6812639557803085
2024-08-01,2.90591245915688,10011042.42485442,8847393.908393119,8556481.779277792,8265569.650162466,-1.2541342102764754,0.4881167760703709,-2.940950092508814,-0.024233124763380576,-1.2356558422383062,-0.024233124763380576
2024-09-01,2.83416486770752,10072479.13606536,8930596.476139223,8645125.811157688,8359655.146176155,-1.5709192543401622,0.3681659109408191,-0.906774024885359,-0.24356281362972357,-0.7031757894282341,-0.24356281362972357
2024-10-01,2.86593395053269,9985229.72401308,8840549.369216392,8554379.280517219,8268209.191818046,-1.3644900729562492,0.6775401545102059,1.8709921518818822,0.06274057251648069,0.39468074447861295,0.06274057251648069
2024-11-01,2.9291315226785,9990908.517356,8820321.114220617,8527674.263436772,8235027.4126529265,-1.1237611552642552,0.8305569383173064,0.9902825668610122,-0.4633684054593219,0.23235944997135446,-0.4633684054593219
2024-12-01,2.81234302970702,9883153.063594,8771360.398396954,8493412.23209769,8215464.06579843,-0.9790367445947211,0.8242605194792842,0.020590633349012566,-0.48257660878366193,-0.0447285305888081,-0.48257660878366193
2025-01-01,3.0879565217,10006342.064171,8770376.094754284,8461384.602400105,8152393.110045927,-0.783542528898583,0.9102840273613304,0.6741361209039184,-0.36204900195281364,0.26695920645555526,-0.36204900195281364
2025-02-01,2.988655,10041869.439263,8841402.106902976,8541285.273812972,8241168.440722966,-0.9677043317029475,0.586528492579906,-1.266620429919411,-0.3342444060152673,-0.5492654230141508,-0.3342444060152673
2025-03-01,3.313772381,9971798.814176,8650027.954203801,8319585.239210752,7989142.5242177015,-0.5258866251108681,0.28167070295295593,-0.6652982278095512,0.3185600374594812,-0.3031713833224878,0.3185600374594812
2025-04-01,3.0972209091,9877623.007971,8653895.7874712,8347963.982346249,8042032.177221299,0.6051370714771599,0.46627326151131665,-1.3306131170923075,1.6695894814216765,-0.0864009280346103,1.6695894814216765
2025-05-01,3.0709945455,9838760.824045,8630169.59104015,8328021.782788936,8025873.974537724,-0.2991075677285363,0.41736290829317974,0.20509331706716738,0.12912024378463804,0.10778288587727027,0.12912024378463804
2025-06-01,3.0847609524,9801657.856980998,8592226.999941012,8289869.285681015,7987511.571421019,-0.7390860914602658,0.45915574322163416,-0.10737135014245805,-0.14670425770062198,-0.12910056612702991,-0.14670425770062198
2025-07-01,3.1735630435,9635984.312256,8412768.164211143,8106964.127199928,7801160.090188716,-1.106482298009813,0.3338199888238511,0.7384145669474564,-0.4174936934435201,-0.011415914079501821,-0.4174936934435201
2025-08-01,3.2050457143,9730784.118244,8483279.800845742,8171403.721496178,7859527.642146613,-1.2976759797940933,0.13857197429660414,0.07318762154340042,-0.501564435894576,-0.3619721279846963,-0.501564435894576
2025-09-01,3.2330461969,9819017.44511,8549203.964781696,8231750.594699618,7914297.224617542,-1.532529435533263,-0.0644147503670588,0.10171949053744901,-0.4955875545939935,-0.49840823178762433,-0.4955875545939935
2025-10-01,3.1239221739,9808929.687833,8583236.369671099,8276813.040130625,7970389.710590149,-1.32242561053725,-0.13799163943640114,0.9248808099252793,-0.18619780246084336,-0.1785121466827906,-0.18619780246084336
2025-11-01,3.1361575,9840570.956111,8606107.739779413,8297491.935696516,7988876.13161362,-0.9864305154952959,-0.2644669616525779,0.977181270462775,0.04048814543860784,-0.09123873556169959,0.04048814543860784
2025-12-01,3.2447326087,9764876.18199591,8497499.695290305,8180655.573613905,7863811.451937505,-1.1949764978735604,-0.4851985256985707,0.19153921779772262,-0.5280898746070155,-0.49621193525813617,-0.5280898746070155
2026-01-01,3.2209840909,10023260.523235,8731870.015863562,8409022.389020704,8086174.7621778445,-1.2823420885111148,-0.6024163060804153,0.18057832680440877,-0.4423171415538289,-0.5680600225957071,-0.4423171415538289
